,location,time,gdp,change
0,AUS,1970-01-01,4656.974483,
1,AUS,1971-01-01,4866.743797,0.04504411925934959
2,AUS,1972-01-01,5216.919124,0.07195269395850623
3,AUS,1973-01-01,5804.481141,0.1126262460725087
4,AUS,1974-01-01,6251.507124,0.07701394356205715
5,AUS,1975-01-01,6934.589535,0.10926683717236707
6,AUS,1976-01-01,7399.748634,0.06707810125635638
7,AUS,1977-01-01,7729.491015,0.04456129489114202
8,AUS,1978-01-01,8553.294648,0.10657928593245147
9,AUS,1979-01-01,9458.501607,0.1058313779955733
10,AUS,1980-01-01,10479.426191,0.10793724274936323
11,AUS,1981-01-01,11836.313282,0.12948104851058817
12,AUS,1982-01-01,11900.466293,0.005420016306729725
13,AUS,1983-01-01,12707.671833,0.06782974045939771
14,AUS,1984-01-01,13485.405952,0.0612019360604148
15,AUS,1985-01-01,14404.791943,0.06817636742063726
16,AUS,1986-01-01,14895.892246,0.034092842502917886
17,AUS,1987-01-01,15949.740528,0.0707475768887218
18,AUS,1988-01-01,16998.781992,0.06577169466540167
19,AUS,1989-01-01,17723.48547,0.04263267087848188
20,AUS,1990-01-01,17726.373181,0.00016293132662226206
21,AUS,1991-01-01,18044.73567,0.01795982098251403
22,AUS,1992-01-01,19045.870194,0.05548069765657049
23,AUS,1993-01-01,20072.17378,0.05388588578763476
24,AUS,1994-01-01,21273.325442,0.059841633256325855
25,AUS,1995-01-01,22330.287844,0.049684869668436216
26,AUS,1996-01-01,23171.149785,0.03765566959433242
27,AUS,1997-01-01,24319.048208,0.04953998544099436
28,AUS,1998-01-01,25511.306101,0.04902568072576918
29,AUS,1999-01-01,26914.943647,0.05502021497617404
30,AUS,2000-01-01,28141.3145,0.04556468217375209
31,AUS,2001-01-01,29298.614156,0.041124577034238996
32,AUS,2002-01-01,30541.441738,0.04241932998545894
33,AUS,2003-01-01,32034.057763,0.048871825953876735
34,AUS,2004-01-01,33620.430835,0.04952145256578433
35,AUS,2005-01-01,35337.512386,0.05107256237812585
36,AUS,2006-01-01,37441.841063,0.05954942877738301
37,AUS,2007-01-01,39187.320539,0.046618420100204006
38,AUS,2008-01-01,39537.854041,0.008945074508249107
39,AUS,2009-01-01,41087.135452,0.039184762263359874
40,AUS,2010-01-01,42238.573038,0.02802428481160879
41,AUS,2011-01-01,43722.110833,0.03512281993204014
42,AUS,2012-01-01,43169.928673,-0.012629357308687528
43,AUS,2013-01-01,47085.69163,0.09070580094446745
44,AUS,2014-01-01,46841.539199,-0.005185278638754065
45,AUS,2015-01-01,47028.48047,0.003990929294739987
46,AUT,1970-01-01,3822.706957,-0.9187150654497853
47,AUT,1971-01-01,4203.059278,0.0994981632854468
48,AUT,1972-01-01,4630.689282,0.10174255838796675
49,AUT,1973-01-01,5092.970374,0.099829866321832
50,AUT,1974-01-01,5759.502209,0.13087290638930393
51,AUT,1975-01-01,6286.660965,0.09152852744395923
52,AUT,1976-01-01,6947.182515,0.10506714990316013
53,AUT,1977-01-01,7749.945101,0.11555225219241261
54,AUT,1978-01-01,8283.321553,0.06882325552618118
55,AUT,1979-01-01,9463.647629,0.14249429633363886
56,AUT,1980-01-01,10495.758556,0.10906058292335863
57,AUT,1981-01-01,11429.923725,0.08900406426231822
58,AUT,1982-01-01,12374.275099,0.08262096902138327
59,AUT,1983-01-01,13266.702725,0.07211958832821797
60,AUT,1984-01-01,13745.345923,0.036078534954886665
61,AUT,1985-01-01,14532.761999,0.0572860137832123
62,AUT,1986-01-01,15157.544974,0.042991344318649816
63,AUT,1987-01-01,15745.253008,0.03877329970045307
64,AUT,1988-01-01,16809.776968,0.06760920002105553
65,AUT,1989-01-01,18060.610801,0.07441109036610993
66,AUT,1990-01-01,19394.231979,0.07384142168249141
67,AUT,1991-01-01,20523.528829,0.058228490368827046
68,AUT,1992-01-01,21196.26822,0.032778933710922775
69,AUT,1993-01-01,21635.754232,0.020734122036883518
70,AUT,1994-01-01,22540.0488,0.041796304316607635
71,AUT,1995-01-01,23587.926467,0.046489591761664784
72,AUT,1996-01-01,24475.61784,0.03763329406007343
73,AUT,1997-01-01,25350.58793,0.035748641595884756
74,AUT,1998-01-01,26577.118813,0.04838273914541125
75,AUT,1999-01-01,27547.946698,0.03652871072409569
76,AUT,2000-01-01,29301.08221,0.0636394258787818
77,AUT,2001-01-01,29725.427189,0.014482228880105197
78,AUT,2002-01-01,31118.569371,0.046867019711512636
79,AUT,2003-01-01,31999.730114,0.028316235637142473
80,AUT,2004-01-01,33659.802305,0.051877693501974464
81,AUT,2005-01-01,34877.638422,0.036180726968176646
82,AUT,2006-01-01,37458.631211,0.07400136321649486
83,AUT,2007-01-01,39152.302618,0.04521444997441981
84,AUT,2008-01-01,41058.429322,0.048684919571593044
85,AUT,2009-01-01,40713.406117,-0.008403224641015061
86,AUT,2010-01-01,41918.45648,0.029598367661428204
87,AUT,2011-01-01,44254.357555,0.055724882811811094
88,AUT,2012-01-01,46253.607658,0.04517634451060104
89,AUT,2013-01-01,47776.927369,0.03293407342976251
90,AUT,2014-01-01,48645.567989,0.018181173797367833
91,AUT,2015-01-01,49480.224448,0.017157913732012142
92,BEL,1970-01-01,3899.365859,-0.9211934484432677
93,BEL,1971-01-01,4235.756899,0.08626814004220362
94,BEL,1972-01-01,4634.139449,0.09405226964136038
95,BEL,1973-01-01,5170.045768,0.11564311451949139
96,BEL,1974-01-01,5853.070231,0.1321118794010645
97,BEL,1975-01-01,6292.889509,0.07514334539684087
98,BEL,1976-01-01,7002.111231,0.11270207763630391
99,BEL,1977-01-01,7474.632072,0.06748262422739582
100,BEL,1978-01-01,8220.088033,0.09973145886236745
101,BEL,1979-01-01,9100.573695,0.10711389689079254
102,BEL,1980-01-01,10328.980627,0.13498126306860292
103,BEL,1981-01-01,11262.921282,0.09041944105875022
104,BEL,1982-01-01,12035.25558,0.06857317730119594
105,BEL,1983-01-01,12552.01167,0.04293686050662182
106,BEL,1984-01-01,13316.60071,0.06091366548259436
107,BEL,1985-01-01,13966.846505,0.048829713315027945
108,BEL,1986-01-01,14505.420631,0.0385608967498281
109,BEL,1987-01-01,15201.662817,0.04799875878897564
110,BEL,1988-01-01,16420.436591,0.08017371445951604
111,BEL,1989-01-01,17586.740946,0.07102760931699281
112,BEL,1990-01-01,18756.643961,0.06652187682710409
113,BEL,1991-01-01,19661.276134,0.04822995920170836
114,BEL,1992-01-01,20333.952125,0.0342132416235561
115,BEL,1993-01-01,20537.786932,0.010024357574314857
116,BEL,1994-01-01,21587.500791,0.0511113423503502
117,BEL,1995-01-01,22516.550459,0.04303646248792847
118,BEL,1996-01-01,22895.913048,0.016848166405008413
119,BEL,1997-01-01,23913.777112,0.04445614646885265
120,BEL,1998-01-01,24539.059394,0.026147365975332848
121,BEL,1999-01-01,25650.845349,0.04530678772764363
122,BEL,2000-01-01,27981.266543,0.09085163324221024
123,BEL,2001-01-01,29040.636709,0.03785997908179084
124,BEL,2002-01-01,30491.001355,0.049942591153675275
125,BEL,2003-01-01,31064.015907,0.01879290697371716
126,BEL,2004-01-01,32273.582797,0.03893787891498701
127,BEL,2005-01-01,33347.048406,0.03326143291099948
128,BEL,2006-01-01,35423.25875,0.06226069302212767
129,BEL,2007-01-01,36871.035681,0.04087080020552891
130,BEL,2008-01-01,38144.097693,0.03452742751828963
131,BEL,2009-01-01,38070.56988,-0.0019276327779931268
132,BEL,2010-01-01,40175.850685,0.05529942975994118
133,BEL,2011-01-01,41510.739934,0.033226160149445017
134,BEL,2012-01-01,42639.076624,0.027181801427630603
135,BEL,2013-01-01,43794.159568,0.02708977387539968
136,BEL,2014-01-01,45044.442682,0.028549083401375963
137,BEL,2015-01-01,45910.14538,0.019218856898987502
138,CAN,1970-01-01,4555.027239,-0.9007838637560855
139,CAN,1971-01-01,4919.449348,0.08000437535912619
140,CAN,1972-01-01,5349.466568,0.08741165719590605
141,CAN,1973-01-01,5960.092215,0.11414701620021406
142,CAN,1974-01-01,6641.866709,0.11438992374717816
143,CAN,1975-01-01,7282.233262,0.09641364108260064
144,CAN,1976-01-01,7975.719972,0.09522995007846546
145,CAN,1977-01-01,8661.422736,0.08597377621171076
146,CAN,1978-01-01,9540.598767,0.10150480559571662
147,CAN,1979-01-01,10615.658571,0.1126826345237919
148,CAN,1980-01-01,11671.821942,0.09949108328382406
149,CAN,1981-01-01,13046.66958,0.1177920332259983
150,CAN,1982-01-01,13253.765208,0.01587344775845856
151,CAN,1983-01-01,13996.044579,0.05600516980276349
152,CAN,1984-01-01,15207.157536,0.08653251639518089
153,CAN,1985-01-01,16287.171685,0.07102011973265054
154,CAN,1986-01-01,16807.085886,0.03192169954706303
155,CAN,1987-01-01,17706.993197,0.05354332792156469
156,CAN,1988-01-01,18892.114874,0.06692958334680954
157,CAN,1989-01-01,19725.651682,0.04412088395392644
158,CAN,1990-01-01,20180.350154,0.023051125475105128
159,CAN,1991-01-01,20156.74199,-0.0011698589875717147
160,CAN,1992-01-01,20553.52881,0.01968506716992513
161,CAN,1993-01-01,21365.196764,0.03949044280927061
162,CAN,1994-01-01,22551.987105,0.05554783108759942
163,CAN,1995-01-01,23395.473927,0.03740188472407335
164,CAN,1996-01-01,23954.649777,0.023901026828726524
165,CAN,1997-01-01,25156.150041,0.050157287841194886
166,CAN,1998-01-01,26197.932905,0.041412651073478246
167,CAN,1999-01-01,27745.751315,0.059081699904063534
168,CAN,2000-01-01,29265.221489,0.05476406664030531
169,CAN,2001-01-01,30133.352273,0.029664247862477566
170,CAN,2002-01-01,30854.823034,0.02394259870138815
171,CAN,2003-01-01,32224.015735,0.04437532179300585
172,CAN,2004-01-01,33815.119066,0.04937632057049379
173,CAN,2005-01-01,36212.643558,0.07090096259370071
174,CAN,2006-01-01,38009.872183,0.049629865384488214
175,CAN,2007-01-01,39441.964997,0.037676864765688656
176,CAN,2008-01-01,40277.61824,0.021186906967326946
177,CAN,2009-01-01,38791.071051,-0.03690752467393177
178,CAN,2010-01-01,40027.204368,0.03186643945393541
179,CAN,2011-01-01,41565.258928,0.038425230647124886
180,CAN,2012-01-01,42143.975007,0.013923071669118103
181,CAN,2013-01-01,44150.324847,0.04760703848335979
182,CAN,2014-01-01,45127.612498,0.02213545776586523
183,CAN,2015-01-01,44257.944725,-0.019271300316154427
184,CZE,1990-01-01,12572.756916,-0.7159209042778252
185,CZE,1991-01-01,11542.529879,-0.08194121972476387
186,CZE,1992-01-01,11735.459095,0.01671463864702738
187,CZE,1993-01-01,12007.218163,0.023157088768328116
188,CZE,1994-01-01,12612.726852,0.05042872385427821
189,CZE,1995-01-01,13683.995532,0.0849355331777546
190,CZE,1996-01-01,14538.143872,0.062419513219116096
191,CZE,1997-01-01,14680.351181,0.00978166884659104
192,CZE,1998-01-01,14864.042375,0.012512724779891071
193,CZE,1999-01-01,15290.737995,0.02870656643966929
194,CZE,2000-01-01,16104.981035,0.05325073520102519
195,CZE,2001-01-01,17543.187765,0.08930198221745367
196,CZE,2002-01-01,18134.824671,0.03372459520614379
197,CZE,2003-01-01,19346.688786,0.06682524573496051
198,CZE,2004-01-01,20761.345902,0.07312140757769892
199,CZE,2005-01-01,21860.611474,0.052947702773648464
200,CZE,2006-01-01,23687.614047,0.08357509007343866
201,CZE,2007-01-01,25997.9671,0.09753422393728184
202,CZE,2008-01-01,27663.990365,0.06408282842238067
203,CZE,2009-01-01,27442.245202,-0.008015660794928214
204,CZE,2010-01-01,27546.607777,0.0038029896690958687
205,CZE,2011-01-01,28795.816045,0.045348896608714995
206,CZE,2012-01-01,29051.390456,0.00887540087770411
207,CZE,2013-01-01,30523.583972,0.05067549239096558
208,CZE,2014-01-01,32387.980351,0.061080519925518884
209,CZE,2015-01-01,33780.459003,0.04299368583373275
210,DNK,1970-01-01,4251.063791,-0.8741561270489999
211,DNK,1971-01-01,4577.975217,0.07690108689785147
212,DNK,1972-01-01,4935.001603,0.07798783721550229
213,DNK,1973-01-01,5384.187376,0.09102039049530175
214,DNK,1974-01-01,5775.539941,0.07268553964976276
215,DNK,1975-01-01,6200.088538,0.07350803584374344
216,DNK,1976-01-01,6910.145673,0.11452370891933228
217,DNK,1977-01-01,7452.531342,0.07849120621570438
218,DNK,1978-01-01,8127.805485,0.09061003731636497
219,DNK,1979-01-01,9116.046307,0.12158765657271386
220,DNK,1980-01-01,9878.598556,0.08364944882020331
221,DNK,1981-01-01,10733.129442,0.08650325055278008
222,DNK,1982-01-01,11828.234857,0.10203039299188199
223,DNK,1983-01-01,12624.315995,0.06730346054372416
224,DNK,1984-01-01,13624.859323,0.07925525061288674
225,DNK,1985-01-01,14618.032075,0.07289416561706674
226,DNK,1986-01-01,15622.95,0.06874508961562809
227,DNK,1987-01-01,16040.338405,0.02671636310683967
228,DNK,1988-01-01,16589.924951,0.03426277751276663
229,DNK,1989-01-01,17339.386984,0.04517573377900197
230,DNK,1990-01-01,18217.660311,0.05065192488122161
231,DNK,1991-01-01,19034.53473,0.044839699777844855
232,DNK,1992-01-01,19784.179849,0.03938342227081071
233,DNK,1993-01-01,20186.78705,0.020349956585152595
234,DNK,1994-01-01,21644.83519,0.07222784568879681
235,DNK,1995-01-01,22660.803059,0.04693811988318486
236,DNK,1996-01-01,23717.074116,0.04661225174809003
237,DNK,1997-01-01,24908.362914,0.05022916368913877
238,DNK,1998-01-01,25793.330945,0.03552895202528927
239,DNK,1999-01-01,26657.832738,0.03351648512723715
240,DNK,2000-01-01,28648.733233,0.07468350914221267
241,DNK,2001-01-01,29527.042001,0.030657857045780057
242,DNK,2002-01-01,30639.953125,0.03769125007382401
243,DNK,2003-01-01,30787.694991,0.004821869844162885
244,DNK,2004-01-01,32941.229317,0.06994789076056285
245,DNK,2005-01-01,34152.878022,0.036782133822027774
246,DNK,2006-01-01,37318.985286,0.09270396661624014
247,DNK,2007-01-01,38963.461172,0.04406539656416952
248,DNK,2008-01-01,41282.997451,0.0595310634432773
249,DNK,2009-01-01,40381.641318,-0.021833592245084632
250,DNK,2010-01-01,43088.058771,0.06702098688082847
251,DNK,2011-01-01,44407.951347,0.0306324446644215
252,DNK,2012-01-01,44808.543194,0.009020723425627208
253,DNK,2013-01-01,46785.1876,0.04411311471212209
254,DNK,2014-01-01,47851.86851,0.022799543289637292
255,DNK,2015-01-01,49033.190954,0.024687070344037387
256,FIN,1970-01-01,3395.156752,-0.9307579889062262
257,FIN,1971-01-01,3646.886383,0.0741437433932064
258,FIN,1972-01-01,4074.349569,0.11721318985768914
259,FIN,1973-01-01,4570.497428,0.12177351270371561
260,FIN,1974-01-01,5114.876999,0.11910729183764479
261,FIN,1975-01-01,5664.82086,0.10751849186354212
262,FIN,1976-01-01,5978.193918,0.05531914702065266
263,FIN,1977-01-01,6346.498555,0.06160801105682712
264,FIN,1978-01-01,6970.409048,0.09830782873313049
265,FIN,1979-01-01,8062.593658,0.1566887398542811
266,FIN,1980-01-01,9234.719113,0.14537821260990547
267,FIN,1981-01-01,10183.946458,0.10278897856933678
268,FIN,1982-01-01,11087.51559,0.08872485099233818
269,FIN,1983-01-01,11814.267062,0.06554682751972574
270,FIN,1984-01-01,12559.416199,0.06307197332594017
271,FIN,1985-01-01,13363.824609,0.06404823259731196
272,FIN,1986-01-01,13959.561425,0.04457831746750074
273,FIN,1987-01-01,14783.439509,0.059018908898135436
274,FIN,1988-01-01,16051.289397,0.08576149597853377
275,FIN,1989-01-01,17460.574692,0.0877988839490611
276,FIN,1990-01-01,18148.403457,0.039393248912657386
277,FIN,1991-01-01,17547.304585,-0.033121308627737656
278,FIN,1992-01-01,17253.236613,-0.01675858366597105
279,FIN,1993-01-01,17449.55274,0.011378510096597072
280,FIN,1994-01-01,18443.191832,0.056943527825917384
281,FIN,1995-01-01,19545.066761,0.05974426438964753
282,FIN,1996-01-01,20058.580377,0.026273310921846482
283,FIN,1997-01-01,21763.606755,0.08500234542794738
284,FIN,1998-01-01,23534.600175,0.08137407737314173
285,FIN,1999-01-01,24768.530055,0.052430458593928586
286,FIN,2000-01-01,26732.358294,0.07928723402798643
287,FIN,2001-01-01,27834.377988,0.04122418538162953
288,FIN,2002-01-01,28567.171865,0.026326935608761426
289,FIN,2003-01-01,28983.254172,0.014565050715075412
290,FIN,2004-01-01,31139.971501,0.07441253201593723
291,FIN,2005-01-01,31993.376222,0.02740544322503946
292,FIN,2006-01-01,34382.59632,0.07467858601172161
293,FIN,2007-01-01,37688.503224,0.09615058947939281
294,FIN,2008-01-01,39969.392291,0.0605194919374652
295,FIN,2009-01-01,37868.502313,-0.05256246986955215
296,FIN,2010-01-01,38811.954544,0.024913903993401876
297,FIN,2011-01-01,40683.337416,0.04821666143812653
298,FIN,2012-01-01,40619.937015,-0.001558387414279938
299,FIN,2013-01-01,41330.616658,0.01749583320962711
300,FIN,2014-01-01,41540.944256,0.00508890539283291
301,FIN,2015-01-01,42301.921358,0.01831872422808689
302,FRA,1970-01-01,3716.931785,-0.9121332633205071
303,FRA,1971-01-01,4075.609891,0.09649843654582968
304,FRA,1972-01-01,4405.837983,0.08102544179442428
305,FRA,1973-01-01,4899.403642,0.11202537653550393
306,FRA,1974-01-01,5532.450481,0.12920895791749487
307,FRA,1975-01-01,5957.835923,0.07688915489815829
308,FRA,1976-01-01,6529.726354,0.09598962415064838
309,FRA,1977-01-01,7141.659159,0.09371492338651222
310,FRA,1978-01-01,7912.573929,0.10794617228805792
311,FRA,1979-01-01,8832.054023,0.11620492929994097
312,FRA,1980-01-01,9731.125222,0.10179638809485114
313,FRA,1981-01-01,10693.81683,0.09892911518840175
314,FRA,1982-01-01,11572.234851,0.0821426095999438
315,FRA,1983-01-01,12115.348278,0.046932458076848205
316,FRA,1984-01-01,12674.793912,0.04617660352495889
317,FRA,1985-01-01,13226.962188,0.04356428040042748
318,FRA,1986-01-01,13741.245587,0.03888144471045485
319,FRA,1987-01-01,14377.494724,0.04630214437051672
320,FRA,1988-01-01,15496.496248,0.07783007717833335
321,FRA,1989-01-01,16701.198474,0.077740297336921
322,FRA,1990-01-01,17727.255723,0.0614361448729166
323,FRA,1991-01-01,18414.981169,0.03879480596129259
324,FRA,1992-01-01,19041.367975,0.03401506633384277
325,FRA,1993-01-01,19291.333085,0.013127476467456711
326,FRA,1994-01-01,20089.138363,0.0413556323186568
327,FRA,1995-01-01,20860.09583,0.03837683095557454
328,FRA,1996-01-01,21460.808534,0.02879721689178849
329,FRA,1997-01-01,22360.079932,0.04190295983374992
330,FRA,1998-01-01,23469.388299,0.04961110918983991
331,FRA,1999-01-01,24447.776138,0.04168782869563281
332,FRA,2000-01-01,26210.073991,0.07208417825213975
333,FRA,2001-01-01,27698.123343,0.05677394701407423
334,FRA,2002-01-01,28658.522748,0.03467380779220619
335,FRA,2003-01-01,28276.147166,-0.013342473558818901
336,FRA,2004-01-01,29189.877691,0.03231453421273378
337,FRA,2005-01-01,30625.932302,0.04919700679125394
338,FRA,2006-01-01,32567.626231,0.06340032067768919
339,FRA,2007-01-01,34176.901746,0.04941335004232483
340,FRA,2008-01-01,35184.23363,0.029474055064628413
341,FRA,2009-01-01,34795.158224,-0.011058231652607553
342,FRA,2010-01-01,36056.659941,0.03625509356442236
343,FRA,2011-01-01,37485.252351,0.039620763884886445
344,FRA,2012-01-01,37671.02818,0.004955971144610549
345,FRA,2013-01-01,39566.452076,0.050315162276518555
346,FRA,2014-01-01,40177.23661,0.015436929569191404
347,FRA,2015-01-01,41037.882594,0.02142123392791495
348,DEU,1970-01-01,4045.678351,-0.9014160064975792
349,DEU,1971-01-01,4348.688851,0.07489732838625263
350,DEU,1972-01-01,4709.814597,0.08304244299220387
351,DEU,1973-01-01,5187.498088,0.10142299259598664
352,DEU,1974-01-01,5702.153243,0.09921066885605745
353,DEU,1975-01-01,6199.80362,0.08727411484616243
354,DEU,1976-01-01,6895.520015,0.11221587612157302
355,DEU,1977-01-01,7583.089452,0.0997124851359017
356,DEU,1978-01-01,8368.559886,0.10358184997973807
357,DEU,1979-01-01,9432.802379,0.12717152144425747
358,DEU,1980-01-01,10401.877157,0.10273455745849458
359,DEU,1981-01-01,11416.445523,0.09753704554348053
360,DEU,1982-01-01,12089.614885,0.05896488190162241
361,DEU,1983-01-01,12799.363995,0.05870733821973184
362,DEU,1984-01-01,13675.97197,0.06848840109105758
363,DEU,1985-01-01,14475.202864,0.05844051857909749
364,DEU,1986-01-01,15100.757935,0.04321563413496343
365,DEU,1987-01-01,15697.502921,0.0395175519380313
366,DEU,1988-01-01,16763.74133,0.06792407775720788
367,DEU,1989-01-01,17964.874881,0.07165068509202532
368,DEU,1990-01-01,19438.664571,0.08203729220283695
369,DEU,1991-01-01,20950.945107,0.07779755293767088
370,DEU,1992-01-01,21697.79364,0.03564748650649019
371,DEU,1993-01-01,21880.412287,0.008416461601115977
372,DEU,1994-01-01,22838.47117,0.0437861439918672
373,DEU,1995-01-01,23672.96699,0.03653904036694766
374,DEU,1996-01-01,24243.649989,0.02410694862376439
375,DEU,1997-01-01,24785.899374,0.02236665622734324
376,DEU,1998-01-01,25554.023599,0.030990371315948728
377,DEU,1999-01-01,26579.739075,0.04013909872260357
378,DEU,2000-01-01,27529.780424,0.03574306528439841
379,DEU,2001-01-01,28832.881129,0.047334220794001736
380,DEU,2002-01-01,29654.218686,0.028486142377700086
381,DEU,2003-01-01,30350.480901,0.02347936468576428
382,DEU,2004-01-01,31848.802716,0.0493673171073421
383,DEU,2005-01-01,32413.540062,0.01773182342318602
384,DEU,2006-01-01,34769.442586,0.07268266654903077
385,DEU,2007-01-01,37009.825798,0.06443540779978152
386,DEU,2008-01-01,38662.606124,0.04465787910002317
387,DEU,2009-01-01,37734.236969,-0.024012068716281143
388,DEU,2010-01-01,39993.301878,0.05986777765920914
389,DEU,2011-01-01,42692.501725,0.06749129779866503
390,DEU,2012-01-01,43564.073894,0.020415111173717415
391,DEU,2013-01-01,45272.854835,0.03922454417733756
392,DEU,2014-01-01,47099.457528,0.04034653214729178
393,DEU,2015-01-01,48037.431378,0.0199147484754445
394,GRC,1970-01-01,3100.921326,-0.9354478114868534
395,GRC,1971-01-01,3498.773548,0.12830129505839638
396,GRC,1972-01-01,3994.876788,0.14179346939546478
397,GRC,1973-01-01,4532.751731,0.13464118458313767
398,GRC,1974-01-01,4604.852853,0.01590670000893546
399,GRC,1975-01-01,5301.99733,0.15139343194122246
400,GRC,1976-01-01,5897.358379,0.11228995639648875
401,GRC,1977-01-01,6349.72667,0.07670693587333033
402,GRC,1978-01-01,7193.664148,0.13290926080129983
403,GRC,1979-01-01,7943.788968,0.10427576330604094
404,GRC,1980-01-01,8632.983526,0.08675892080923675
405,GRC,1981-01-01,9210.17101,0.06685840211112204
406,GRC,1982-01-01,9610.453827,0.04346095382652404
407,GRC,1983-01-01,9824.936833,0.022317677173311345
408,GRC,1984-01-01,10326.757631,0.05107623657329641
409,GRC,1985-01-01,10882.785372,0.05384339991972453
410,GRC,1986-01-01,11122.958377,0.022069074854488502
411,GRC,1987-01-01,11111.158064,-0.0010608969844211336
412,GRC,1988-01-01,11950.268777,0.07551964504210473
413,GRC,1989-01-01,12818.992363,0.0726948993542289
414,GRC,1990-01-01,13200.205995,0.029738190117057473
415,GRC,1991-01-01,13944.361947,0.05637457114547084
416,GRC,1992-01-01,14257.704682,0.022470926686424253
417,GRC,1993-01-01,14284.615634,0.0018874673448647794
418,GRC,1994-01-01,14813.179148,0.0370022916641819
419,GRC,1995-01-01,15398.581863,0.039519046462017426
420,GRC,1996-01-01,16130.049418,0.04750226751449005
421,GRC,1997-01-01,17142.08195,0.06274206022398432
422,GRC,1998-01-01,18015.079521,0.05092716121334373
423,GRC,1999-01-01,18464.726454,0.024959475337083648
424,GRC,2000-01-01,19503.905867,0.056279166419759497
425,GRC,2001-01-01,21011.642727,0.0773043548446899
426,GRC,2002-01-01,22615.957432,0.07635360670484137
427,GRC,2003-01-01,23868.663154,0.05539034665087894
428,GRC,2004-01-01,25455.197244,0.06646933176624592
429,GRC,2005-01-01,25577.445412,0.00480248362753577
430,GRC,2006-01-01,28535.859021,0.11566493687489299
431,GRC,2007-01-01,29280.365414,0.02609020434436915
432,GRC,2008-01-01,30855.935752,0.0538097908179338
433,GRC,2009-01-01,30396.415367,-0.014892446908540635
434,GRC,2010-01-01,28202.722809,-0.07216944930886804
435,GRC,2011-01-01,26141.091014,-0.07310045235568863
436,GRC,2012-01-01,25284.40576,-0.03277159524601314
437,GRC,2013-01-01,26121.386115,0.033102631042415176
438,GRC,2014-01-01,26454.038603,0.012734871209953758
439,GRC,2015-01-01,26289.049346,-0.006236826802743511
440,HUN,1991-01-01,8304.966847,-0.684090256072206
441,HUN,1992-01-01,8251.548915,-0.00643204638671091
442,HUN,1993-01-01,8423.683894,0.020860929356800728
443,HUN,1994-01-01,8884.976318,0.05476136448194224
444,HUN,1995-01-01,9144.820609,0.029245355496736902
445,HUN,1996-01-01,9316.662946,0.018791220117634566
446,HUN,1997-01-01,9792.32322,0.05105479040692562
447,HUN,1998-01-01,10377.739011,0.059783136018665806
448,HUN,1999-01-01,10873.545963,0.047776008962497896
449,HUN,2000-01-01,11843.461998,0.0891996077728816
450,HUN,2001-01-01,13230.654574,0.11712728729439537
451,HUN,2002-01-01,14516.15369,0.09716065889333825
452,HUN,2003-01-01,15417.622912,0.06210110758340992
453,HUN,2004-01-01,16198.916786,0.050675378329035015
454,HUN,2005-01-01,17014.326764,0.050337315066938615
455,HUN,2006-01-01,18230.035239,0.07145204696387242
456,HUN,2007-01-01,18933.888371,0.038609532168880856
457,HUN,2008-01-01,20586.089242,0.08726157240530608
458,HUN,2009-01-01,20573.375904,-0.0006175693620359413
459,HUN,2010-01-01,21466.574327,0.04341525800956836
460,HUN,2011-01-01,22729.184423,0.058817493502534735
461,HUN,2012-01-01,22997.744941,0.011815668921593137
462,HUN,2013-01-01,24388.389584,0.0604687392858585
463,HUN,2014-01-01,25516.847062,0.04627027439074216
464,HUN,2015-01-01,26467.618618,0.037260542170035604
465,ISL,1970-01-01,3890.767007,-0.8529989772349984
466,ISL,1971-01-01,4577.737127,0.17656418869699753
467,ISL,1972-01-01,4993.81197,0.09089094272057352
468,ISL,1973-01-01,5542.149329,0.10980336510347222
469,ISL,1974-01-01,6296.89677,0.13618316580729584
470,ISL,1975-01-01,6838.559654,0.0860206072585814
471,ISL,1976-01-01,7570.841264,0.1070812637529126
472,ISL,1977-01-01,8683.148276,0.14691986969653104
473,ISL,1978-01-01,9774.208697,0.12565263039624264
474,ISL,1979-01-01,10989.200395,0.12430588865704473
475,ISL,1980-01-01,12534.95558,0.14066129740461442
476,ISL,1981-01-01,14126.202866,0.12694478858296843
477,ISL,1982-01-01,15116.604059,0.07011092806714325
478,ISL,1983-01-01,15177.994524,0.004061128065562469
479,ISL,1984-01-01,16197.60499,0.0671768898313776
480,ISL,1985-01-01,17130.039809,0.057566215472945714
481,ISL,1986-01-01,18433.569481,0.07609612625156492
482,ISL,1987-01-01,20289.711419,0.1006935710369703
483,ISL,1988-01-01,20651.80383,0.017846109465160964
484,ISL,1989-01-01,21266.706496,0.029774767911883604
485,ISL,1990-01-01,22132.466992,0.04070966494801831
486,ISL,1991-01-01,22537.014711,0.018278473843255982
487,ISL,1992-01-01,22005.365699,-0.023590037048718204
488,ISL,1993-01-01,22592.938135,0.02670132566925254
489,ISL,1994-01-01,23706.660752,0.049295165168210975
490,ISL,1995-01-01,24104.809634,0.016794810798750337
491,ISL,1996-01-01,24996.831889,0.03700598629668472
492,ISL,1997-01-01,26966.052709,0.07877881600134162
493,ISL,1998-01-01,28598.984623,0.06055509612851151
494,ISL,1999-01-01,29412.071578,0.02843062317485545
495,ISL,2000-01-01,29503.681309,0.003114698356321277
496,ISL,2001-01-01,31608.903701,0.07135456656921679
497,ISL,2002-01-01,32187.428711,0.018302596492193457
498,ISL,2003-01-01,32331.195769,0.0044665592673100996
499,ISL,2004-01-01,35232.461807,0.08973580991958885
500,ISL,2005-01-01,37073.724059,0.052260391626513636
501,ISL,2006-01-01,38653.27112,0.04260556771923607
502,ISL,2007-01-01,40745.154143,0.054119171867904825
503,ISL,2008-01-01,42417.481839,0.04104359723688278
504,ISL,2009-01-01,40967.135474,-0.034192184498479605
505,ISL,2010-01-01,38414.414641,-0.06231143094249525
506,ISL,2011-01-01,39466.339613,0.02738360018838515
507,ISL,2012-01-01,40486.433649,0.025847191454866802
508,ISL,2013-01-01,42670.067334,0.05393494778846586
509,ISL,2014-01-01,44330.785913,0.038919989649904396
510,ISL,2015-01-01,47717.958949,0.07640678968893977
511,IRL,1970-01-01,2462.591186,-0.9483927804072264
512,IRL,1971-01-01,2652.248153,0.07701520580363197
513,IRL,1972-01-01,2901.824074,0.09409976239127582
514,IRL,1973-01-01,3153.113895,0.08659719355543527
515,IRL,1974-01-01,3524.267606,0.11771021389000591
516,IRL,1975-01-01,4000.611583,0.13516112572979222
517,IRL,1976-01-01,4211.460347,0.0527041327620934
518,IRL,1977-01-01,4774.877445,0.13378188361700838
519,IRL,1978-01-01,5407.968316,0.13258787859842136
520,IRL,1979-01-01,5937.603622,0.09793609634010281
521,IRL,1980-01-01,6607.673331,0.11285187622111703
522,IRL,1981-01-01,7373.753994,0.11593803516374224
523,IRL,1982-01-01,7924.861494,0.0747390678409443
524,IRL,1983-01-01,8159.025392,0.029548011429258114
525,IRL,1984-01-01,8756.448852,0.0732224047967518
526,IRL,1985-01-01,9283.887885,0.06023435320809667
527,IRL,1986-01-01,9427.971203,0.015519717577890502
528,IRL,1987-01-01,10116.501552,0.07303059525477851
529,IRL,1988-01-01,11054.409799,0.09271073030326149
530,IRL,1989-01-01,12224.593447,0.10585672770208476
531,IRL,1990-01-01,13765.772675,0.12607202314594912
532,IRL,1991-01-01,14416.202212,0.04724976594893526
533,IRL,1992-01-01,15113.484388,0.04836795195752641
534,IRL,1993-01-01,15805.230554,0.045770131376801526
535,IRL,1994-01-01,17013.544339,0.0764502473324693
536,IRL,1995-01-01,18961.03256,0.1144669318864846
537,IRL,1996-01-01,20540.524732,0.08330201253554526
538,IRL,1997-01-01,22691.102254,0.10469924941350817
539,IRL,1998-01-01,25032.289071,0.10317642531390425
540,IRL,1999-01-01,27020.012262,0.0794063693241216
541,IRL,2000-01-01,30162.606381,0.11630616923959125
542,IRL,2001-01-01,32636.512571,0.08201897935313562
543,IRL,2002-01-01,35210.697375,0.07887438335820729
544,IRL,2003-01-01,36231.531575,0.028992160794997446
545,IRL,2004-01-01,38724.604322,0.06880947723226338
546,IRL,2005-01-01,40443.919042,0.04439850968401604
547,IRL,2006-01-01,44285.482828,0.09498495390643602
548,IRL,2007-01-01,46749.835405,0.05564696193042029
549,IRL,2008-01-01,44200.513252,-0.05453114713484841
550,IRL,2009-01-01,41532.705168,-0.06035694809220982
551,IRL,2010-01-01,43225.069099,0.04074774142821602
552,IRL,2011-01-01,45473.426179,0.052015118237301206
553,IRL,2012-01-01,46519.442844,0.023002811815465485
554,IRL,2013-01-01,48316.581653,0.03863199340169654
555,IRL,2014-01-01,51337.493754,0.06252329940672507
556,IRL,2015-01-01,68536.10293,0.33501068942735346
557,ITA,1970-01-01,3622.466598,-0.9471451331030619
558,ITA,1971-01-01,3857.576243,0.0649031919658849
559,ITA,1972-01-01,4149.485816,0.07567175724127373
560,ITA,1973-01-01,4655.397524,0.12192154171229008
561,ITA,1974-01-01,5317.733225,0.14227264107639725
562,ITA,1975-01-01,5654.916271,0.06340728873250323
563,ITA,1976-01-01,6358.558947,0.12443025542367048
564,ITA,1977-01-01,6896.541281,0.08460758773870025
565,ITA,1978-01-01,7592.815328,0.10095988969401781
566,ITA,1979-01-01,8684.347692,0.14375858187604784
567,ITA,1980-01-01,9772.124344,0.12525715120803582
568,ITA,1981-01-01,10760.107927,0.10110223204503255
569,ITA,1982-01-01,11468.162477,0.0658036661717214
570,ITA,1983-01-01,12055.955756,0.05125435571556025
571,ITA,1984-01-01,12883.566468,0.06864745763421665
572,ITA,1985-01-01,13663.85752,0.06056483303269111
573,ITA,1986-01-01,14337.424438,0.04929551680512545
574,ITA,1987-01-01,15171.007369,0.05814035391117156
575,ITA,1988-01-01,16352.820166,0.07789942805082806
576,ITA,1989-01-01,17551.088654,0.07327595337294679
577,ITA,1990-01-01,18546.23653,0.056700065484154294
578,ITA,1991-01-01,19439.076204,0.04814128583746702
579,ITA,1992-01-01,20040.447805,0.030936223238646088
580,ITA,1993-01-01,20329.869598,0.014441882527584715
581,ITA,1994-01-01,21204.794734,0.04303643620449349
582,ITA,1995-01-01,22271.620778,0.05031060462421921
583,ITA,1996-01-01,22969.289715,0.03132546768617561
584,ITA,1997-01-01,23802.341994,0.036268090538993825
585,ITA,1998-01-01,24921.58498,0.04702238906919898
586,ITA,1999-01-01,25531.621153,0.02447822534118771
587,ITA,2000-01-01,27006.394987,0.05776263971497597
588,ITA,2001-01-01,27993.940151,0.036567085850420566
589,ITA,2002-01-01,28621.246386,0.022408643857073862
590,ITA,2003-01-01,29029.222854,0.01425432220867795
591,ITA,2004-01-01,29386.911356,0.012321669918583966
592,ITA,2005-01-01,29937.583459,0.018738685952022216
593,ITA,2006-01-01,32193.087163,0.07534020596849267
594,ITA,2007-01-01,33781.355393,0.049335691912933965
595,ITA,2008-01-01,35154.802446,0.040656955205669476
596,ITA,2009-01-01,34269.20268,-0.025191430597863218
597,ITA,2010-01-01,34752.00934,0.014088645846486836
598,ITA,2011-01-01,35935.484815,0.03405487905523241
599,ITA,2012-01-01,35757.022892,-0.004966175464690248
600,ITA,2013-01-01,35917.825131,0.004497081300243622
601,ITA,2014-01-01,36293.802557,0.0104677113558167
602,ITA,2015-01-01,37217.380365,0.02544725939227499
603,JPN,1970-01-01,3203.272143,-0.9139307465602167
604,JPN,1971-01-01,3489.437136,0.0893352110670167
605,JPN,1972-01-01,3893.643647,0.11583716663924437
606,JPN,1973-01-01,4334.089265,0.11311913927700012
607,JPN,1974-01-01,4602.021251,0.06181967412708578
608,JPN,1975-01-01,5120.469913,0.11265672923334358
609,JPN,1976-01-01,5553.986144,0.08466336847315059
610,JPN,1977-01-01,6097.444703,0.09785018271734458
611,JPN,1978-01-01,6807.418606,0.11643794041308597
612,JPN,1979-01-01,7709.175214,0.1324667484390043
613,JPN,1980-01-01,8573.167871,0.11207329357762852
614,JPN,1981-01-01,9695.361758,0.13089605894642342
615,JPN,1982-01-01,10570.465855,0.09026007681228809
616,JPN,1983-01-01,11247.590073,0.06405812452245985
617,JPN,1984-01-01,12088.807539,0.07479090725571114
618,JPN,1985-01-01,13184.192203,0.09061147350275478
619,JPN,1986-01-01,13761.523204,0.04378963778066214
620,JPN,1987-01-01,14622.694091,0.06257816625631141
621,JPN,1988-01-01,16149.396171,0.1044063474554704
622,JPN,1989-01-01,17612.250006,0.09058257160270133
623,JPN,1990-01-01,19218.153902,0.09118107541358511
624,JPN,1991-01-01,20436.961588,0.06341960274723157
625,JPN,1992-01-01,20995.19583,0.02731493326913048
626,JPN,1993-01-01,21467.558701,0.02249861705624312
627,JPN,1994-01-01,22082.290586,0.028635388567558095
628,JPN,1995-01-01,22922.089297,0.038030416624099006
629,JPN,1996-01-01,23897.353804,0.04254692905012103
630,JPN,1997-01-01,24635.406719,0.03088429459819375
631,JPN,1998-01-01,24338.640512,-0.012046328700192177
632,JPN,1999-01-01,24615.473761,0.0113742281070921
633,JPN,2000-01-01,25940.65208,0.05383517424310447
634,JPN,2001-01-01,26563.083158,0.023994426820129533
635,JPN,2002-01-01,27250.725181,0.025887131358578896
636,JPN,2003-01-01,27959.565218,0.02601178619254596
637,JPN,2004-01-01,29383.553439,0.05093027054953114
638,JPN,2005-01-01,30445.637157,0.03614551657970422
639,JPN,2006-01-01,31794.634178,0.04430838527187264
640,JPN,2007-01-01,33319.331771,0.04795455687472572
641,JPN,2008-01-01,33499.886735,0.0054189251225365
642,JPN,2009-01-01,31860.875814,-0.04892586455486714
643,JPN,2010-01-01,33767.058426,0.059828318064075514
644,JPN,2011-01-01,34331.617941,0.016719238847447082
645,JPN,2012-01-01,35738.275135,0.040972644994983654
646,JPN,2013-01-01,37156.298831,0.03967801161761342
647,JPN,2014-01-01,37397.940938,0.006503395510383703
648,JPN,2015-01-01,38418.765495,0.02729627705151927
649,KOR,1970-01-01,605.496666,-0.9842395595434007
650,KOR,1971-01-01,689.038591,0.13797255986872758
651,KOR,1972-01-01,755.973198,0.09714202930616422
652,KOR,1973-01-01,899.256019,0.1895342604460959
653,KOR,1974-01-01,1054.543526,0.1726844232554421
654,KOR,1975-01-01,1222.065191,0.1588570418097659
655,KOR,1976-01-01,1435.112528,0.17433385597511886
656,KOR,1977-01-01,1684.800478,0.17398492810035582
657,KOR,1978-01-01,1967.275528,0.1676608320620383
658,KOR,1979-01-01,2278.567645,0.15823513919093513
659,KOR,1980-01-01,2404.011463,0.05505380464576892
660,KOR,1981-01-01,2773.613666,0.1537439436910042
661,KOR,1982-01-01,3140.242333,0.1321844752548893
662,KOR,1983-01-01,3642.391782,0.1599078656201276
663,KOR,1984-01-01,4114.36752,0.129578520447035
664,KOR,1985-01-01,4530.215213,0.10107208239870613
665,KOR,1986-01-01,5089.465133,0.12344886362024576
666,KOR,1987-01-01,5812.477104,0.14206050186138497
667,KOR,1988-01-01,6666.640218,0.14695337267000785
668,KOR,1989-01-01,7339.713256,0.10096135624398861
669,KOR,1990-01-01,8276.089599,0.12757669275901762
670,KOR,1991-01-01,9343.913941,0.12902522734034028
671,KOR,1992-01-01,10042.262046,0.07473828519928127
672,KOR,1993-01-01,10874.0143,0.08282518920438853
673,KOR,1994-01-01,12006.373505,0.10413442301616227
674,KOR,1995-01-01,13295.517043,0.10737160038067639
675,KOR,1996-01-01,14428.171422,0.08519069813808677
676,KOR,1997-01-01,15399.085847,0.06729296434055088
677,KOR,1998-01-01,14608.683734,-0.05132785938419737
678,KOR,1999-01-01,16392.695047,0.12211992164960916
679,KOR,2000-01-01,18083.126808,0.10312103996037925
680,KOR,2001-01-01,19189.718859,0.06119472936010384
681,KOR,2002-01-01,20785.023729,0.08313331121324907
682,KOR,2003-01-01,21389.382415,0.02907664161849266
683,KOR,2004-01-01,22968.011283,0.07380432204030973
684,KOR,2005-01-01,24219.8276,0.054502599357679093
685,KOR,2006-01-01,25863.190627,0.06785197046571878
686,KOR,2007-01-01,27871.888781,0.07766629349678977
687,KOR,2008-01-01,28717.867638,0.030352405021675244
688,KOR,2009-01-01,28392.778313,-0.011320106670100971
689,KOR,2010-01-01,30465.470735,0.07300069049780133
690,KOR,2011-01-01,31327.403805,0.02829213037597267
691,KOR,2012-01-01,32222.88045,0.028584451190847737
692,KOR,2013-01-01,32815.942613,0.01840500149948565
693,KOR,2014-01-01,33856.548588,0.03171037892380291
694,KOR,2015-01-01,34647.10781,0.023350260288498736
695,LUX,1970-01-01,5664.611892,-0.8365054906440111
696,LUX,1971-01-01,6053.894454,0.06872184174696505
697,LUX,1972-01-01,6651.138167,0.098654464087226
698,LUX,1973-01-01,7511.551739,0.12936335863070636
699,LUX,1974-01-01,8420.655572,0.12102743408927474
700,LUX,1975-01-01,8502.524992,0.009722452046635022
701,LUX,1976-01-01,9150.652281,0.07622762527717608
702,LUX,1977-01-01,9851.708523,0.07661270699310041
703,LUX,1978-01-01,10954.881238,0.11197780693820891
704,LUX,1979-01-01,12107.38793,0.10520485498302046
705,LUX,1980-01-01,13259.149696,0.09512883973479824
706,LUX,1981-01-01,14377.730829,0.0843629613245449
707,LUX,1982-01-01,15433.985848,0.07346465388470924
708,LUX,1983-01-01,16518.406611,0.07026187361319391
709,LUX,1984-01-01,18147.878069,0.09864580140041457
710,LUX,1985-01-01,19219.878836,0.059070309097523754
711,LUX,1986-01-01,21465.742267,0.11685107123533811
712,LUX,1987-01-01,22734.995724,0.059129260065293066
713,LUX,1988-01-01,25303.989452,0.11299732620086078
714,LUX,1989-01-01,28580.690181,0.12949344352263847
715,LUX,1990-01-01,30863.203731,0.07986208644875137
716,LUX,1991-01-01,34181.754071,0.10752449320958668
717,LUX,1992-01-01,35116.327014,0.027341280996252326
718,LUX,1993-01-01,36934.866285,0.051786146947401024
719,LUX,1994-01-01,38599.682526,0.04507438115935769
720,LUX,1995-01-01,39412.771787,0.021064661877784108
721,LUX,1996-01-01,41254.510667,0.046729493930378396
722,LUX,1997-01-01,42694.519471,0.0349054874416892
723,LUX,1998-01-01,44311.779301,0.037879799328776054
724,LUX,1999-01-01,50448.32127,0.13848556897965758
725,LUX,2000-01-01,55511.271812,0.10035914802601709
726,LUX,2001-01-01,55395.78864,-0.002080355362620856
727,LUX,2002-01-01,57950.568742,0.04611867011412585
728,LUX,2003-01-01,59236.084457,0.02218296977762546
729,LUX,2004-01-01,63409.836423,0.07045961940698109
730,LUX,2005-01-01,67465.509985,0.06395969128425194
731,LUX,2006-01-01,77032.5904,0.14180698281428694
732,LUX,2007-01-01,82894.614104,0.07609796936025126
733,LUX,2008-01-01,85503.677433,0.03147446136520604
734,LUX,2009-01-01,80716.932959,-0.05598290760945179
735,LUX,2010-01-01,85193.464039,0.05545962805937932
736,LUX,2011-01-01,91162.77243,0.07006768017165443
737,LUX,2012-01-01,91096.923801,-0.0007223192893849317
738,LUX,2013-01-01,95035.338346,0.04323323313972072
739,LUX,2014-01-01,100141.26993,0.05372666286945349
740,LUX,2015-01-01,102213.93353,0.02069739680202587
741,MEX,1970-01-01,1676.378542,-0.9835993148477357
742,MEX,1971-01-01,1774.182598,0.05834246475340543
743,MEX,1972-01-01,1942.951989,0.09512515295226653
744,MEX,1973-01-01,2149.187669,0.10614553584833852
745,MEX,1974-01-01,2407.142468,0.12002432487434866
746,MEX,1975-01-01,2692.884232,0.11870579651956015
747,MEX,1976-01-01,2873.897027,0.06721892937282425
748,MEX,1977-01-01,3066.416566,0.06698901776622357
749,MEX,1978-01-01,3453.115842,0.12610787467288964
750,MEX,1979-01-01,3967.587908,0.14898778075803687
751,MEX,1980-01-01,4541.624755,0.1446815698380739
752,MEX,1981-01-01,5277.458243,0.16201987783995153
753,MEX,1982-01-01,5438.727411,0.030558113503580397
754,MEX,1983-01-01,5289.611583,-0.027417411598604557
755,MEX,1984-01-01,5551.101169,0.04943455334988811
756,MEX,1985-01-01,5763.034834,0.038178670960554495
757,MEX,1986-01-01,5542.882573,-0.03820075139944923
758,MEX,1987-01-01,5673.750363,0.023610059978082854
759,MEX,1988-01-01,5827.23822,0.02705227533465937
760,MEX,1989-01-01,6184.914684,0.06138009988546522
761,MEX,1990-01-01,6609.11759,0.06858670291724267
762,MEX,1991-01-01,6991.688337,0.05788529887542815
763,MEX,1992-01-01,7287.063806,0.042246658426817296
764,MEX,1993-01-01,7484.06656,0.027034586116535975
765,MEX,1994-01-01,7856.114105,0.049711950317021136
766,MEX,1995-01-01,7411.089999,-0.05664684856305302
767,MEX,1996-01-01,7820.47709,0.05523979482845842
768,MEX,1997-01-01,8376.959663,0.07115711312696904
769,MEX,1998-01-01,8778.244362,0.04790338203160083
770,MEX,1999-01-01,9134.167944,0.040546100942547625
771,MEX,2000-01-01,9974.277325,0.09197437425615163
772,MEX,2001-01-01,10075.799886,0.010178437764662984
773,MEX,2002-01-01,10318.858023,0.024122961923620734
774,MEX,2003-01-01,10808.173081,0.04741949709060367
775,MEX,2004-01-01,11438.330772,0.05830381196501855
776,MEX,2005-01-01,12341.514536,0.07896115106331014
777,MEX,2006-01-01,13504.752696,0.0942540849915019
778,MEX,2007-01-01,14131.626377,0.0464187456898546
779,MEX,2008-01-01,14743.300551,0.043284060707657446
780,MEX,2009-01-01,14397.968251,-0.02342299804615844
781,MEX,2010-01-01,15143.26712,0.051764169499973534
782,MEX,2011-01-01,16366.300796,0.08076418822360432
783,MEX,2012-01-01,16957.697456,0.0361350232634452
784,MEX,2013-01-01,17229.897183,0.016051691434304294
785,MEX,2014-01-01,17972.521046,0.043100887667090415
786,MEX,2015-01-01,17784.578051,-0.010457241614516333
787,NLD,1970-01-01,4365.437109,-0.754538055584932
788,NLD,1971-01-01,4726.996892,0.08282327152407953
789,NLD,1972-01-01,5003.67554,0.05853159084327997
790,NLD,1973-01-01,5536.299083,0.10644645895644933
791,NLD,1974-01-01,6241.644921,0.12740385362594764
792,NLD,1975-01-01,6769.615759,0.08458841293961528
793,NLD,1976-01-01,7421.69709,0.09632471830222822
794,NLD,1977-01-01,7985.376684,0.0759502290600762
795,NLD,1978-01-01,8693.164893,0.08863554432168086
796,NLD,1979-01-01,9536.15093,0.09697113161615034
797,NLD,1980-01-01,10647.660122,0.11655742449537754
798,NLD,1981-01-01,11470.262865,0.07725666799791586
799,NLD,1982-01-01,11976.0613,0.04409649900381751
800,NLD,1983-01-01,12657.083121,0.056865258446865186
801,NLD,1984-01-01,13455.947346,0.06311598157039566
802,NLD,1985-01-01,14180.873351,0.05387402212267833
803,NLD,1986-01-01,14789.536998,0.042921450035873665
804,NLD,1987-01-01,15357.507781,0.0384035540177361
805,NLD,1988-01-01,16335.205787,0.06366254342449951
806,NLD,1989-01-01,17617.778874,0.07851588181525737
807,NLD,1990-01-01,18905.126732,0.07307095106635986
808,NLD,1991-01-01,19850.163276,0.049988373915546
809,NLD,1992-01-01,20493.984781,0.032434065959468406
810,NLD,1993-01-01,21095.377816,0.029344856133471486
811,NLD,1994-01-01,22051.024983,0.045301258661277766
812,NLD,1995-01-01,23094.265071,0.04731027645219554
813,NLD,1996-01-01,24232.345034,0.04927976532273859
814,NLD,1997-01-01,25712.794657,0.0610939478173822
815,NLD,1998-01-01,27338.059543,0.06320841074183048
816,NLD,1999-01-01,28951.737934,0.059026807973032946
817,NLD,2000-01-01,31579.62825,0.09076796432707024
818,NLD,2001-01-01,32918.784018,0.04240568500042419
819,NLD,2002-01-01,33995.119527,0.032696697071540104
820,NLD,2003-01-01,33706.217901,-0.008498326525092637
821,NLD,2004-01-01,35453.338412,0.0518337748878126
822,NLD,2005-01-01,37271.890237,0.05129423367319541
823,NLD,2006-01-01,40633.421761,0.09018945652139188
824,NLD,2007-01-01,43471.864513,0.06985487879153562
825,NLD,2008-01-01,45859.478467,0.054923201034682956
826,NLD,2009-01-01,44102.020271,-0.0383226816952279
827,NLD,2010-01-01,44594.618107,0.011169507269124246
828,NLD,2011-01-01,46066.856647,0.03301381652080804
829,NLD,2012-01-01,46715.500955,0.01408049854519966
830,NLD,2013-01-01,48723.158333,0.04297625706580632
831,NLD,2014-01-01,49061.206606,0.006938143678814956
832,NLD,2015-01-01,49610.197201,0.011189912213305897
833,NZL,1970-01-01,3857.243972,-0.9222489691711556
834,NZL,1971-01-01,4232.126746,0.09718928248285552
835,NZL,1972-01-01,4606.364573,0.0884278400578884
836,NZL,1973-01-01,5005.316055,0.08660875093092635
837,NZL,1974-01-01,5637.91128,0.1263846714271073
838,NZL,1975-01-01,6239.410107,0.10668823915937886
839,NZL,1976-01-01,6550.327343,0.049831190876711506
840,NZL,1977-01-01,6470.044118,-0.01225636839138955
841,NZL,1978-01-01,7225.937041,0.11682963967696391
842,NZL,1979-01-01,7730.755896,0.06986206109126814
843,NZL,1980-01-01,8490.703562,0.09830185769973787
844,NZL,1981-01-01,9539.01172,0.12346540546906914
845,NZL,1982-01-01,10368.243795,0.0869306065806994
846,NZL,1983-01-01,11137.33943,0.07417800451132228
847,NZL,1984-01-01,12163.204113,0.09211039040766678
848,NZL,1985-01-01,12509.917482,0.02850510159814168
849,NZL,1986-01-01,13254.74802,0.05953920472071106
850,NZL,1987-01-01,13409.560725,0.011679792385822951
851,NZL,1988-01-01,13774.544002,0.027218138198930486
852,NZL,1989-01-01,14365.329038,0.04288962566849541
853,NZL,1990-01-01,14681.354581,0.021999185828882162
854,NZL,1991-01-01,14522.364518,-0.010829386493107274
855,NZL,1992-01-01,14874.436759,0.024243451578674913
856,NZL,1993-01-01,15905.026499,0.06928596737462511
857,NZL,1994-01-01,17030.204733,0.07074356236192014
858,NZL,1995-01-01,17821.296668,0.04645228565379922
859,NZL,1996-01-01,18391.938618,0.032020226172691846
860,NZL,1997-01-01,19079.618935,0.037390311662250486
861,NZL,1998-01-01,19292.609629,0.011163257228858248
862,NZL,1999-01-01,20535.972938,0.06444764772159273
863,NZL,2000-01-01,21469.200776,0.04544356582556386
864,NZL,2001-01-01,22395.39641,0.04314066665375704
865,NZL,2002-01-01,23180.236524,0.035044707386806984
866,NZL,2003-01-01,23857.5822,0.029220826771922725
867,NZL,2004-01-01,25003.550354,0.04803370871336643
868,NZL,2005-01-01,25589.813404,0.023447192166700104
869,NZL,2006-01-01,27685.511556,0.0818957965388063
870,NZL,2007-01-01,29309.542149,0.05865994528275342
871,NZL,2008-01-01,29782.22922,0.016127412314972833
872,NZL,2009-01-01,30590.284623,0.027132132958581856
873,NZL,2010-01-01,31176.253725,0.019155398820951852
874,NZL,2011-01-01,32667.478716,0.04783207771382103
875,NZL,2012-01-01,32991.255545,0.009911289200333018
876,NZL,2013-01-01,36064.848879,0.09316387882866795
877,NZL,2014-01-01,36889.170931,0.02285666175298995
878,NZL,2015-01-01,37339.744644,0.012214254254799606
879,NOR,1970-01-01,3366.048749,-0.9098534609410919
880,NOR,1971-01-01,3712.701255,0.10298499274646122
881,NOR,1972-01-01,4048.788711,0.09052370037782653
882,NOR,1973-01-01,4432.216162,0.09470176844701239
883,NOR,1974-01-01,4988.369134,0.12547965885965295
884,NOR,1975-01-01,5688.860494,0.14042492469644086
885,NOR,1976-01-01,6320.745902,0.11107416127824643
886,NOR,1977-01-01,6962.723967,0.10156682058629607
887,NOR,1978-01-01,7709.413156,0.10724095807028267
888,NOR,1979-01-01,8680.877977,0.12601021651614808
889,NOR,1980-01-01,9864.26652,0.1363212967784353
890,NOR,1981-01-01,10920.178781,0.10704417392404375
891,NOR,1982-01-01,11582.556501,0.06065630730812477
892,NOR,1983-01-01,12478.772529,0.07737635710411817
893,NOR,1984-01-01,13663.897826,0.09497130380779306
894,NOR,1985-01-01,14837.576692,0.08589634385048561
895,NOR,1986-01-01,15695.915767,0.05784900680330041
896,NOR,1987-01-01,16300.359446,0.038509615365725836
897,NOR,1988-01-01,16739.980756,0.02697003777471174
898,NOR,1989-01-01,17496.575822,0.04519688983088077
899,NOR,1990-01-01,18433.367366,0.053541421677611334
900,NOR,1991-01-01,19537.715861,0.059910295990571516
901,NOR,1992-01-01,20581.466636,0.05342235409838625
902,NOR,1993-01-01,21540.026206,0.04657391948556944
903,NOR,1994-01-01,22977.32949,0.06672709077761652
904,NOR,1995-01-01,24307.632714,0.057896337543445364
905,NOR,1996-01-01,26794.438484,0.10230555148086151
906,NOR,1997-01-01,28586.331896,0.06687557244649889
907,NOR,1998-01-01,28160.564207,-0.014894100108715835
908,NOR,1999-01-01,30554.742268,0.08501882431762042
909,NOR,2000-01-01,36927.689379,0.20857472974577806
910,NOR,2001-01-01,37871.49136,0.025558110915456123
911,NOR,2002-01-01,37961.126487,0.0023668232694600277
912,NOR,2003-01-01,38529.580285,0.01497462932757454
913,NOR,2004-01-01,42515.599739,0.1034534875416695
914,NOR,2005-01-01,47775.439109,0.1237155162408563
915,NOR,2006-01-01,54107.133448,0.13253032221334893
916,NOR,2007-01-01,55848.951794,0.03219202783444408
917,NOR,2008-01-01,61678.861787,0.10438709780093536
918,NOR,2009-01-01,55456.84034,-0.10087769564371907
919,NOR,2010-01-01,57998.846799,0.045837563831895745
920,NOR,2011-01-01,62062.063396,0.07005685149364127
921,NOR,2012-01-01,65374.680813,0.053375882717001444
922,NOR,2013-01-01,67014.840748,0.025088610982156423
923,NOR,2014-01-01,65716.476348,-0.019374281659227166
924,NOR,2015-01-01,62074.760162,-0.05541557290313892
925,POL,1990-01-01,6188.104323,-0.9003120703672386
926,POL,1991-01-01,5933.325729,-0.041172317191395136
927,POL,1992-01-01,6210.772007,0.04676066858152428
928,POL,1993-01-01,6587.960744,0.060731377125883945
929,POL,1994-01-01,7078.528253,0.074464242891366
930,POL,1995-01-01,7723.972776,0.09118343530329898
931,POL,1996-01-01,8327.302071,0.07811126637766908
932,POL,1997-01-01,8999.291523,0.08069713891372055
933,POL,1998-01-01,9555.597378,0.06181662785100572
934,POL,1999-01-01,10124.60358,0.05954690005148522
935,POL,2000-01-01,10645.448165,0.05144345463844813
936,POL,2001-01-01,11126.609683,0.04519880333286097
937,POL,2002-01-01,11780.55723,0.0587732980333755
938,POL,2003-01-01,12259.488284,0.04065436334202999
939,POL,2004-01-01,13351.301467,0.0890586260786217
940,POL,2005-01-01,13897.543068,0.040912985325822326
941,POL,2006-01-01,15154.578202,0.09045017006598854
942,POL,2007-01-01,16783.384091,0.10747946048310597
943,POL,2008-01-01,18315.1311,0.09126568281431324
944,POL,2009-01-01,19265.423846,0.0518856644165655
945,POL,2010-01-01,20829.366981,0.08117875565580723
946,POL,2011-01-01,22576.020895,0.08385535266593824
947,POL,2012-01-01,23541.526159,0.04276684844023304
948,POL,2013-01-01,24444.056595,0.03833780486041083
949,POL,2014-01-01,25414.458268,0.03969888014407941
950,POL,2015-01-01,26534.934729,0.044088150500175116
951,PRT,1970-01-01,2079.619619,-0.9216271062944359
952,PRT,1971-01-01,2350.619525,0.13031224726102186
953,PRT,1972-01-01,2652.948448,0.12861669861267755
954,PRT,1973-01-01,3109.561139,0.17211517673637045
955,PRT,1974-01-01,3380.253374,0.08705158795721624
956,PRT,1975-01-01,3401.0501,0.006152416312919851
957,PRT,1976-01-01,3727.892346,0.0961003914643892
958,PRT,1977-01-01,4136.73165,0.10967036224602378
959,PRT,1978-01-01,4502.803655,0.08849305102979055
960,PRT,1979-01-01,5094.5292,0.1314126909226736
961,PRT,1980-01-01,5746.424096,0.12795979184887196
962,PRT,1981-01-01,6330.146322,0.101580081151045
963,PRT,1982-01-01,6824.153576,0.07804041626701608
964,PRT,1983-01-01,7050.728919,0.03320197010173498
965,PRT,1984-01-01,7139.266527,0.01255722763094913
966,PRT,1985-01-01,7557.893655,0.058637274069653245
967,PRT,1986-01-01,8029.666995,0.062421272584047616
968,PRT,1987-01-01,8774.90627,0.09281073243311999
969,PRT,1988-01-01,9787.739386,0.11542381021922865
970,PRT,1989-01-01,10856.955368,0.10924034037209518
971,PRT,1990-01-01,11748.270782,0.08209625846184077
972,PRT,1991-01-01,12705.521611,0.08148014688822491
973,PRT,1992-01-01,13142.018328,0.034354883676880776
974,PRT,1993-01-01,13165.116505,0.0017575821630675392
975,PRT,1994-01-01,13542.425834,0.028659778958788573
976,PRT,1995-01-01,14376.128942,0.061562316694168784
977,PRT,1996-01-01,14903.386063,0.036675875900056276
978,PRT,1997-01-01,15780.006133,0.05882019470570832
979,PRT,1998-01-01,16674.577174,0.05669015800502275
980,PRT,1999-01-01,17723.511323,0.06290619174653256
981,PRT,2000-01-01,18872.376797,0.06482154992104228
982,PRT,2001-01-01,19585.517095,0.03778751906401956
983,PRT,2002-01-01,20367.738685,0.03993877650540534
984,PRT,2003-01-01,20839.691169,0.023171570064750124
985,PRT,2004-01-01,21490.722155,0.03123995364040888
986,PRT,2005-01-01,22739.66382,0.05811538839840358
987,PRT,2006-01-01,24669.530521,0.0848678641987064
988,PRT,2007-01-01,25695.763445,0.041599207699814844
989,PRT,2008-01-01,26631.498362,0.03641592198662913
990,PRT,2009-01-01,26496.302114,-0.005076554317834048
991,PRT,2010-01-01,27360.981548,0.03263396644104266
992,PRT,2011-01-01,26780.130712,-0.021229166613814687
993,PRT,2012-01-01,26454.226804,-0.012169616030065167
994,PRT,2013-01-01,27924.693181,0.05558530921711369
995,PRT,2014-01-01,28831.652325,0.032478750549606694
996,PRT,2015-01-01,29717.618193,0.030728931453983144
997,SVK,1992-01-01,7141.648577,-0.7596830092297835
998,SVK,1993-01-01,7425.398873,0.039731764023482
999,SVK,1994-01-01,8021.024893,0.0802146834381916
1000,SVK,1995-01-01,8640.208176,0.07719503321082644
1001,SVK,1996-01-01,9360.73297,0.0833920640941741
1002,SVK,1997-01-01,10061.016757,0.07481078557035259
1003,SVK,1998-01-01,10601.776199,0.053747991387030014
1004,SVK,1999-01-01,10701.517975,0.009408025044841839
1005,SVK,2000-01-01,11322.737925,0.0580497039252974
1006,SVK,2001-01-01,12398.235682,0.09498566195949465
1007,SVK,2002-01-01,13290.175194,0.07194084181630256
1008,SVK,2003-01-01,14123.240046,0.0626827592442949
1009,SVK,2004-01-01,15170.442765,0.07414748425922202
1010,SVK,2005-01-01,16572.06374,0.09239156672695836
1011,SVK,2006-01-01,18812.959384,0.13522127836083264
1012,SVK,2007-01-01,21070.779243,0.12001407183817259
1013,SVK,2008-01-01,23574.932203,0.11884481969654326
1014,SVK,2009-01-01,22949.223461,-0.02654127429135833
1015,SVK,2010-01-01,24833.009114,0.0820849409654889
1016,SVK,2011-01-01,25836.338954,0.04040307138752497
1017,SVK,2012-01-01,26654.008772,0.03164805274678484
1018,SVK,2013-01-01,27924.838579,0.04767874948458051
1019,SVK,2014-01-01,29046.237939,0.040157774120252565
1020,SVK,2015-01-01,29939.310737,0.03074659100003041
1021,ESP,1970-01-01,2763.023507,-0.9077125211307766
1022,ESP,1971-01-01,3010.406973,0.08953360887928197
1023,ESP,1972-01-01,3366.37007,0.11824417767849749
1024,ESP,1973-01-01,3791.733761,0.12635678257441252
1025,ESP,1974-01-01,4322.686847,0.1400291052766245
1026,ESP,1975-01-01,4699.433203,0.0871555977415912
1027,ESP,1976-01-01,5061.027076,0.07694414568317898
1028,ESP,1977-01-01,5462.176273,0.07926240879095414
1029,ESP,1978-01-01,5864.93087,0.07373518847988314
1030,ESP,1979-01-01,6295.285407,0.07337759754361772
1031,ESP,1980-01-01,6939.437043,0.10232286454935613
1032,ESP,1981-01-01,7530.890927,0.08523081632343876
1033,ESP,1982-01-01,8054.457989,0.06952259262219429
1034,ESP,1983-01-01,8480.672513,0.05291659905385093
1035,ESP,1984-01-01,8901.884183,0.04966724860019367
1036,ESP,1985-01-01,9365.475919,0.05207793389239157
1037,ESP,1986-01-01,9835.321222,0.050167797884869136
1038,ESP,1987-01-01,10619.566995,0.0797376877987237
1039,ESP,1988-01-01,11525.922702,0.08534770837895178
1040,ESP,1989-01-01,12527.77608,0.08692175055331197
1041,ESP,1990-01-01,13461.971684,0.07456994745391388
1042,ESP,1991-01-01,14238.953356,0.057716781036129206
1043,ESP,1992-01-01,14664.576564,0.029891467255958926
1044,ESP,1993-01-01,14826.203596,0.01102159556360971
1045,ESP,1994-01-01,15474.835321,0.04374900970434514
1046,ESP,1995-01-01,16209.741483,0.047490402757482064
1047,ESP,1996-01-01,16919.365112,0.04377760310022327
1048,ESP,1997-01-01,17859.671011,0.05557572005660494
1049,ESP,1998-01-01,19014.397736,0.06465554288703235
1050,ESP,1999-01-01,19915.626993,0.047397202347024825
1051,ESP,2000-01-01,21524.482744,0.08078358525018992
1052,ESP,2001-01-01,23010.929206,0.06905840570846467
1053,ESP,2002-01-01,24367.754873,0.05896440143087367
1054,ESP,2003-01-01,25049.421559,0.027974127676214433
1055,ESP,2004-01-01,26236.904375,0.04740559829707314
1056,ESP,2005-01-01,27696.454929,0.05562967845363431
1057,ESP,2006-01-01,30858.575264,0.11417058042648809
1058,ESP,2007-01-01,32577.620899,0.0557072262829148
1059,ESP,2008-01-01,33441.937903,0.026531004418021364
1060,ESP,2009-01-01,32420.342308,-0.030548337179597262
1061,ESP,2010-01-01,31994.057707,-0.013148676745921017
1062,ESP,2011-01-01,32071.580228,0.002423028729582999
1063,ESP,2012-01-01,31991.051802,-0.0025108967324812825
1064,ESP,2013-01-01,32650.293154,0.020607054625155552
1065,ESP,2014-01-01,33700.083183,0.03215254527879763
1066,ESP,2015-01-01,34740.621376,0.03087642802985413
1067,SWE,1970-01-01,4837.497105,-0.8607538692919895
1068,SWE,1971-01-01,5096.298822,0.053499094962248916
1069,SWE,1972-01-01,5422.548495,0.06401698259757183
1070,SWE,1973-01-01,5933.562356,0.09423868896169285
1071,SWE,1974-01-01,6653.766346,0.12137800983446856
1072,SWE,1975-01-01,7427.38034,0.11626708149513965
1073,SWE,1976-01-01,7889.07695,0.06216143362331161
1074,SWE,1977-01-01,8215.714224,0.041403737860612466
1075,SWE,1978-01-01,8920.620971,0.0857998133553386
1076,SWE,1979-01-01,10004.958822,0.12155407729182399
1077,SWE,1980-01-01,11071.321866,0.10658345156355509
1078,SWE,1981-01-01,12145.408854,0.09701524361770364
1079,SWE,1982-01-01,13052.098366,0.0746528604264638
1080,SWE,1983-01-01,13818.671504,0.05873179288909447
1081,SWE,1984-01-01,14899.883002,0.07824279618247165
1082,SWE,1985-01-01,15684.358804,0.05264979610206999
1083,SWE,1986-01-01,16392.180556,0.04512914814340285
1084,SWE,1987-01-01,17316.259234,0.05637313930523802
1085,SWE,1988-01-01,18298.331513,0.056713881776020436
1086,SWE,1989-01-01,19383.476135,0.05930292722202912
1087,SWE,1990-01-01,20096.026909,0.03676073213273523
1088,SWE,1991-01-01,20388.801219,0.014568765822505991
1089,SWE,1992-01-01,20490.690019,0.004997292332471703
1090,SWE,1993-01-01,20425.42071,-0.0031853153280578805
1091,SWE,1994-01-01,21559.218741,0.05550916414881524
1092,SWE,1995-01-01,22774.748666,0.056380982057034235
1093,SWE,1996-01-01,23606.48128,0.036519946990312135
1094,SWE,1997-01-01,24446.740258,0.03559441866975277
1095,SWE,1998-01-01,25478.217942,0.04219285160779074
1096,SWE,1999-01-01,27148.296097,0.06554925304437909
1097,SWE,2000-01-01,29258.014112,0.07771088128190606
1098,SWE,2001-01-01,29701.864209,0.015170205855425944
1099,SWE,2002-01-01,30587.619496,0.029821538498974398
1100,SWE,2003-01-01,31470.998415,0.028880276842580654
1101,SWE,2004-01-01,33551.819536,0.06611868786495911
1102,SWE,2005-01-01,33967.082706,0.012376770492414924
1103,SWE,2006-01-01,37439.858268,0.1022394414044443
1104,SWE,2007-01-01,40563.801227,0.08343896327380196
1105,SWE,2008-01-01,41853.864918,0.0318033234553301
1106,SWE,2009-01-01,39693.391192,-0.0516194556997972
1107,SWE,2010-01-01,41667.946173,0.04974518230122782
1108,SWE,2011-01-01,43755.122868,0.05009070248709424
1109,SWE,2012-01-01,44724.851251,0.022162625069651165
1110,SWE,2013-01-01,45714.355131,0.022124252005821354
1111,SWE,2014-01-01,46445.822135,0.0160008164154104
1112,SWE,2015-01-01,47861.896685,0.03048873902767868
1113,CHE,1970-01-01,7137.486676,-0.8508733006764251
1114,CHE,1971-01-01,7711.681141,0.08044771094715242
1115,CHE,1972-01-01,8227.706136,0.06691472139019039
1116,CHE,1973-01-01,8884.85132,0.07986979276334227
1117,CHE,1974-01-01,9795.196031,0.10246032018012419
1118,CHE,1975-01-01,10010.405838,0.021970954569862755
1119,CHE,1976-01-01,10527.063008,0.051612010378115025
1120,CHE,1977-01-01,11482.757807,0.09078456149390624
1121,CHE,1978-01-01,12307.808775,0.07185129059301776
1122,CHE,1979-01-01,13616.60678,0.1063388316252094
1123,CHE,1980-01-01,15444.14335,0.13421380227299196
1124,CHE,1981-01-01,17039.195896,0.10327879700754017
1125,CHE,1982-01-01,17754.179876,0.04196113386828548
1126,CHE,1983-01-01,18530.893748,0.04374822590650651
1127,CHE,1984-01-01,19695.278416,0.06283478195031322
1128,CHE,1985-01-01,20981.258689,0.06529383570202785
1129,CHE,1986-01-01,21670.988171,0.032873598873341736
1130,CHE,1987-01-01,22419.101068,0.034521402120514244
1131,CHE,1988-01-01,23775.83573,0.06051690734097015
1132,CHE,1989-01-01,25572.535022,0.07556829179017899
1133,CHE,1990-01-01,27196.693514,0.06351182980501302
1134,CHE,1991-01-01,27505.39121,0.011350559796583282
1135,CHE,1992-01-01,27864.904052,0.013070631835597979
1136,CHE,1993-01-01,28305.377502,0.015807463366032337
1137,CHE,1994-01-01,29075.146671,0.027195156430809275
1138,CHE,1995-01-01,29577.904857,0.01729168185079044
1139,CHE,1996-01-01,30248.77033,0.022681304718620954
1140,CHE,1997-01-01,31526.248653,0.04223240512137538
1141,CHE,1998-01-01,32599.232489,0.034034618194191735
1142,CHE,1999-01-01,33502.020714,0.027693542334305654
1143,CHE,2000-01-01,35355.431153,0.055322347712163156
1144,CHE,2001-01-01,36605.921171,0.03536910673182092
1145,CHE,2002-01-01,37430.458754,0.02252470520133265
1146,CHE,2003-01-01,37362.115801,-0.001825864690816692
1147,CHE,2004-01-01,38879.202248,0.040604939374428994
1148,CHE,2005-01-01,40213.036779,0.034307147623344525
1149,CHE,2006-01-01,44705.491498,0.11171637555475655
1150,CHE,2007-01-01,49222.489258,0.10103899115396309
1151,CHE,2008-01-01,52096.609659,0.058390391146926346
1152,CHE,2009-01-01,51428.731199,-0.012819998544466138
1153,CHE,2010-01-01,52728.476385,0.025272744547609527
1154,CHE,2011-01-01,55918.718194,0.0605032048661196
1155,CHE,2012-01-01,57590.718783,0.029900552856009455
1156,CHE,2013-01-01,59842.249423,0.039095373136141864
1157,CHE,2014-01-01,61282.089756,0.024060598438109704
1158,CHE,2015-01-01,62550.181735,0.020692701310432104
1159,TUR,1970-01-01,1779.567764,-0.9715497586955173
1160,TUR,1971-01-01,1925.314234,0.08189992702070548
1161,TUR,1972-01-01,2104.5401,0.09308915024621389
1162,TUR,1973-01-01,2234.874948,0.06193032292423406
1163,TUR,1974-01-01,2508.378164,0.12237965092622272
1164,TUR,1975-01-01,2860.914691,0.1405436118283796
1165,TUR,1976-01-01,3265.520763,0.14142542357967858
1166,TUR,1977-01-01,3512.915533,0.07575966835155601
1167,TUR,1978-01-01,3738.109686,0.06410463072184536
1168,TUR,1979-01-01,3939.223317,0.05380089079601191
1169,TUR,1980-01-01,4103.84241,0.041789733597883405
1170,TUR,1981-01-01,4590.984387,0.11870387025899465
1171,TUR,1982-01-01,4925.357394,0.07283252976133436
1172,TUR,1983-01-01,5242.187594,0.06432633708692048
1173,TUR,1984-01-01,5650.1656,0.07782590734962547
1174,TUR,1985-01-01,5928.90848,0.049333577054803346
1175,TUR,1986-01-01,6325.265365,0.06685157754366289
1176,TUR,1987-01-01,6981.143384,0.10369177910372152
1177,TUR,1988-01-01,7254.378839,0.039139069343028465
1178,TUR,1989-01-01,7426.56739,0.023735809063941238
1179,TUR,1990-01-01,8272.406912,0.11389373819443649
1180,TUR,1991-01-01,8483.05186,0.025463562206355705
1181,TUR,1992-01-01,9045.41626,0.0662926985807677
1182,TUR,1993-01-01,9845.218017,0.08842066898975398
1183,TUR,1994-01-01,9356.894896,-0.049600031218892116
1184,TUR,1995-01-01,10081.491331,0.07743983907629004
1185,TUR,1996-01-01,10810.854428,0.07234674643395778
1186,TUR,1997-01-01,11633.196356,0.07606632144358016
1187,TUR,1998-01-01,8921.719951,-0.23308094542748048
1188,TUR,1999-01-01,8608.417272,-0.03511684750482236
1189,TUR,2000-01-01,9425.599904,0.0949283249381967
1190,TUR,2001-01-01,9102.883392,-0.034238299449040666
1191,TUR,2002-01-01,9207.886393,0.011535136338479468
1192,TUR,2003-01-01,9490.779792,0.030722946279513108
1193,TUR,2004-01-01,10753.465913,0.13304345361214143
1194,TUR,2005-01-01,11772.988901,0.09480878037354334
1195,TUR,2006-01-01,13503.967735,0.1470296836730196
1196,TUR,2007-01-01,14709.649178,0.08928349553702475
1197,TUR,2008-01-01,15901.076953,0.08099634196456029
1198,TUR,2009-01-01,15348.914296,-0.03472485911690559
1199,TUR,2010-01-01,17297.873498,0.1269770072602403
1200,TUR,2011-01-01,19517.18146,0.12829946769217604
1201,TUR,2012-01-01,20549.293083,0.05288220664009757
1202,TUR,2013-01-01,22334.572625,0.08687790547291008
1203,TUR,2014-01-01,23256.119362,0.041260997130899923
1204,TUR,2015-01-01,24328.642058,0.04611787028202463
1205,GBR,1970-01-01,3569.33585,-0.8532866798939855
1206,GBR,1971-01-01,3860.530521,0.08158231201471278
1207,GBR,1972-01-01,4187.973118,0.08481803089467133
1208,GBR,1973-01-01,4693.08541,0.12061020397409328
1209,GBR,1974-01-01,4987.046038,0.06263696530509133
1210,GBR,1975-01-01,5368.77361,0.07654382355633671
1211,GBR,1976-01-01,5829.973193,0.08590408471330568
1212,GBR,1977-01-01,6347.052554,0.08869326562613589
1213,GBR,1978-01-01,7079.181281,0.11534940364383828
1214,GBR,1979-01-01,7941.141874,0.1217599265770235
1215,GBR,1980-01-01,8467.05679,0.06622661127890095
1216,GBR,1981-01-01,9180.888658,0.08430696589198128
1217,GBR,1982-01-01,9958.823471,0.08473415177757615
1218,GBR,1983-01-01,10784.160026,0.08287490559536193
1219,GBR,1984-01-01,11401.974969,0.057289111206666465
1220,GBR,1985-01-01,12228.073169,0.07245220255666385
1221,GBR,1986-01-01,12838.639263,0.04993150478914998
1222,GBR,1987-01-01,13842.526248,0.07819263119987552
1223,GBR,1988-01-01,15126.483871,0.0927545738398372
1224,GBR,1989-01-01,16075.024336,0.06270726714081332
1225,GBR,1990-01-01,16741.941804,0.04148780456315926
1226,GBR,1991-01-01,17045.765438,0.018147454910362404
1227,GBR,1992-01-01,17452.711869,0.023873755184545598
1228,GBR,1993-01-01,18274.970666,0.04711352614836439
1229,GBR,1994-01-01,19339.398932,0.05824514224694943
1230,GBR,1995-01-01,20180.733236,0.04350364284630803
1231,GBR,1996-01-01,21508.533251,0.06579542970378127
1232,GBR,1997-01-01,22700.310423,0.055409504594860604
1233,GBR,1998-01-01,23237.04956,0.023644572563033206
1234,GBR,1999-01-01,23975.351033,0.03177259966217494
1235,GBR,2000-01-01,26033.624563,0.08584956804874166
1236,GBR,2001-01-01,27362.07418,0.051028223664562056
1237,GBR,2002-01-01,28632.545935,0.04643185113242021
1238,GBR,2003-01-01,29903.53772,0.044389758000749735
1239,GBR,2004-01-01,31637.588891,0.057988161375309044
1240,GBR,2005-01-01,32268.462235,0.019940626517827464
1241,GBR,2006-01-01,34343.511089,0.06430578683570798
1242,GBR,2007-01-01,35153.305974,0.023579268960050248
1243,GBR,2008-01-01,36058.16492,0.025740365548243105
1244,GBR,2009-01-01,34411.966463,-0.04565397214895217
1245,GBR,2010-01-01,35744.927883,0.0387354039018144
1246,GBR,2011-01-01,36440.975539,0.019472627229191852
1247,GBR,2012-01-01,37475.045868,0.02837658195767334
1248,GBR,2013-01-01,39065.565189,0.04244209137468058
1249,GBR,2014-01-01,40755.392603,0.04325618753561056
1250,GBR,2015-01-01,41813.167547,0.025954232714767933
1251,USA,1970-01-01,5245.93713,-0.8745386336946772
1252,USA,1971-01-01,5622.604626,0.07180175565695346
1253,USA,1972-01-01,6109.110916,0.08652685407583194
1254,USA,1973-01-01,6740.378128,0.10333209212926331
1255,USA,1974-01-01,7240.951295,0.07426484946305667
1256,USA,1975-01-01,7819.775814,0.0799376346309204
1257,USA,1976-01-01,8609.38804,0.10097632525299916
1258,USA,1977-01-01,9469.156426,0.0998640532875783
1259,USA,1978-01-01,10585.193304,0.11786022194497026
1260,USA,1979-01-01,11692.904676,0.10464725019064236
1261,USA,1980-01-01,12569.952487,0.07500683836071675
1262,USA,1981-01-01,13960.192689,0.1106002750159798
1263,USA,1982-01-01,14404.529365,0.031828835453691084
1264,USA,1983-01-01,15525.500036,0.07782070782011963
1265,USA,1984-01-01,17093.043817,0.10096575165793276
1266,USA,1985-01-01,18224.841304,0.06621392299213347
1267,USA,1986-01-01,19071.371888,0.04644927052474257
1268,USA,1987-01-01,20055.002615,0.0515762962820161
1269,USA,1988-01-01,21433.965421,0.06875904393892296
1270,USA,1989-01-01,22869.807225,0.06698908838367479
1271,USA,1990-01-01,23901.051639,0.045091959186813746
1272,USA,1991-01-01,24352.31728,0.018880576797033255
1273,USA,1992-01-01,25452.468064,0.04517643111128189
1274,USA,1993-01-01,26427.943538,0.03832537856632112
1275,USA,1994-01-01,27741.94834,0.04972028187174793
1276,USA,1995-01-01,28748.705868,0.036290080122036716
1277,USA,1996-01-01,30032.556708,0.04465769158079036
1278,USA,1997-01-01,31537.873959,0.050122847203315724
1279,USA,1998-01-01,32913.403391,0.043615160419127275
1280,USA,1999-01-01,34585.233131,0.05079479992206326
1281,USA,2000-01-01,36419.447022,0.05303459670352573
1282,USA,2001-01-01,37240.15777,0.022534959070197536
1283,USA,2002-01-01,38122.324669,0.02368859188106498
1284,USA,2003-01-01,39606.470171,0.03893113850968444
1285,USA,2004-01-01,41856.5242,0.05681026406254941
1286,USA,2005-01-01,44236.606947,0.05686288559526398
1287,USA,2006-01-01,46368.987143,0.04820397275394139
1288,USA,2007-01-01,47987.494034,0.034904943815326384
1289,USA,2008-01-01,48330.061765,0.007138687649688169
1290,USA,2009-01-01,46929.888686,-0.028971059168270807
1291,USA,2010-01-01,48302.239782,0.029242581527993083
1292,USA,2011-01-01,49710.016049,0.02914515503532855
1293,USA,2012-01-01,51369.693154,0.033387177010042235
1294,USA,2013-01-01,52688.534578,0.025673531279353234
1295,USA,2014-01-01,54484.038304,0.0340776933801783
1296,USA,2015-01-01,56065.97369,0.029034840941367213
1297,BRA,1995-01-01,8152.93048,-0.8545832713959596
1298,BRA,1996-01-01,8430.117739,0.033998481856305496
1299,BRA,1997-01-01,8732.521166,0.035871791635957884
1300,BRA,1998-01-01,8725.444491,-0.0008103816601731095
1301,BRA,1999-01-01,8768.591051,0.004944912553681791
1302,BRA,2000-01-01,9199.218297,0.04911019837684072
1303,BRA,2001-01-01,9483.865224,0.030942512484221307
1304,BRA,2002-01-01,9791.152159,0.032401022973457705
1305,BRA,2003-01-01,9970.219886,0.01828872885357047
1306,BRA,2004-01-01,10475.503341,0.05067926894064878
1307,BRA,2005-01-01,11025.826037,0.05253424853067412
1308,BRA,2006-01-01,11676.268846,0.05899266021586702
1309,BRA,2007-01-01,12574.19137,0.07690149446221484
1310,BRA,2008-01-01,13330.338625,0.06013486137995683
1311,BRA,2009-01-01,13276.653637,-0.004027278639367693
1312,BRA,2010-01-01,14506.108585,0.09260277338061296
1313,BRA,2011-01-01,15038.295658,0.03668710115339313
1314,BRA,2012-01-01,15481.825029,0.029493326975790213
1315,BRA,2013-01-01,16081.755929,0.038750657553371815
1316,BRA,2014-01-01,16458.766333,0.023443360641989486
1317,BRA,2015-01-01,15876.488202,-0.035377993661197205
1318,CHL,1986-01-01,3415.676273,-0.7848594582415449
1319,CHL,1987-01-01,3669.656897,0.07435734645219405
1320,CHL,1988-01-01,4006.978119,0.09192173313962004
1321,CHL,1989-01-01,4525.923525,0.12951041672508823
1322,CHL,1990-01-01,4787.365707,0.057765488204973625
1323,CHL,1991-01-01,5244.175351,0.09541983461427672
1324,CHL,1992-01-01,5915.085654,0.12793437634995675
1325,CHL,1993-01-01,6365.593405,0.07616250674161407
1326,CHL,1994-01-01,6754.033718,0.0610218542539791
1327,CHL,1995-01-01,7498.777001,0.11026644433462107
1328,CHL,1996-01-01,8089.037967,0.07871429780099959
1329,CHL,1997-01-01,8694.7809,0.07488442203772383
1330,CHL,1998-01-01,9026.776052,0.03818326830984309
1331,CHL,1999-01-01,8994.545118,-0.0035705919604439584
1332,CHL,2000-01-01,9544.27806,0.061118481789575796
1333,CHL,2001-01-01,9968.209337,0.04441732253974173
1334,CHL,2002-01-01,10278.715815,0.031149674681034467
1335,CHL,2003-01-01,10760.326013,0.046855094222682414
1336,CHL,2004-01-01,11706.489736,0.08793076732590621
1337,CHL,2005-01-01,12677.251441,0.08292508915073804
1338,CHL,2006-01-01,15498.273336,0.22252630297103848
1339,CHL,2007-01-01,16703.921389,0.07779241124877267
1340,CHL,2008-01-01,16322.205291,-0.02285188544118566
1341,CHL,2009-01-01,16132.3755,-0.01163015582855531
1342,CHL,2010-01-01,18165.966871,0.1260565358771868
1343,CHL,2011-01-01,20188.528531,0.11133795819196379
1344,CHL,2012-01-01,21294.735649,0.054793845737760805
1345,CHL,2013-01-01,22462.320221,0.05482972840072953
1346,CHL,2014-01-01,22815.277261,0.015713293930785355
1347,CHL,2015-01-01,23241.545704,0.01868346538696919
1348,CHN,1980-01-01,299.469627,-0.987114900583034
1349,CHN,1981-01-01,339.68862,0.13430074162412464
1350,CHN,1982-01-01,387.530856,0.1408414447325319
1351,CHN,1983-01-01,441.139579,0.13833407629352745
1352,CHN,1984-01-01,519.331048,0.17724881811160276
1353,CHN,1985-01-01,599.441991,0.15425795031611522
1354,CHN,1986-01-01,655.679626,0.09381664255148903
1355,CHN,1987-01-01,737.6617,0.1250337371318595
1356,CHN,1988-01-01,836.258372,0.13366109694999762
1357,CHN,1989-01-01,892.461295,0.06720760578526086
1358,CHN,1990-01-01,978.106177,0.09596481380181321
1359,CHN,1991-01-01,1089.882841,0.11427866077161086
1360,CHN,1992-01-01,1258.756521,0.15494663614031512
1361,CHN,1993-01-01,1450.964884,0.15269701470726282
1362,CHN,1994-01-01,1656.141205,0.14140681367447883
1363,CHN,1995-01-01,1856.430524,0.12093734422844715
1364,CHN,1996-01-01,2056.268432,0.10764631663640967
1365,CHN,1997-01-01,2262.083043,0.10009131482888045
1366,CHN,1998-01-01,2443.967901,0.08040591549582632
1367,CHN,1999-01-01,2649.970988,0.08429042251975138
1368,CHN,2000-01-01,2919.074313,0.101549536284961
1369,CHN,2001-01-01,3211.997313,0.1003479077923699
1370,CHN,2002-01-01,3536.799107,0.10112144013490343
1371,CHN,2003-01-01,3946.442815,0.11582328981853585
1372,CHN,2004-01-01,4440.593129,0.1252141072770112
1373,CHN,2005-01-01,5077.110286,0.1433405715203051
1374,CHN,2006-01-01,5869.12705,0.15599754966599133
1375,CHN,2007-01-01,6845.627363,0.1663791403186612
1376,CHN,2008-01-01,7616.38215,0.11259081836178542
1377,CHN,2009-01-01,8352.562612,0.09665750056934841
1378,CHN,2010-01-01,9309.702656,0.11459238181883147
1379,CHN,2011-01-01,10359.549328,0.11276908734817481
1380,CHN,2012-01-01,11323.057393,0.09300675487840104
1381,CHN,2013-01-01,12338.304049,0.08966188377952
1382,CHN,2014-01-01,13387.88552,0.0850669157472308
1383,CHN,2015-01-01,14388.111839,0.07471129907002672
1384,EST,1993-01-01,5569.236419,-0.6129279170666307
1385,EST,1994-01-01,5724.256601,0.027835087314866724
1386,EST,1995-01-01,6230.071128,0.08836335654688088
1387,EST,1996-01-01,6779.831603,0.08824304951017248
1388,EST,1997-01-01,7800.556188,0.1505530881546291
1389,EST,1998-01-01,8315.436078,0.06600553570680856
1390,EST,1999-01-01,8435.209542,0.01440375019139184
1391,EST,2000-01-01,9385.031043,0.11260200428581135
1392,EST,2001-01-01,10292.430531,0.09668582701991157
1393,EST,2002-01-01,11555.843874,0.12275169982393352
1394,EST,2003-01-01,13021.362711,0.12682058125563067
1395,EST,2004-01-01,14390.009515,0.10510780126290586
1396,EST,2005-01-01,16466.029141,0.14426812045092663
1397,EST,2006-01-01,19213.580366,0.1668617977942639
1398,EST,2007-01-01,21919.377467,0.14082732366676076
1399,EST,2008-01-01,22641.83951,0.03295997087908553
1400,EST,2009-01-01,20505.1269,-0.09437009784723105
1401,EST,2010-01-01,21593.828846,0.05309413354569403
1402,EST,2011-01-01,24501.338648,0.13464540368155142
1403,EST,2012-01-01,25973.313462,0.06007732210664951
1404,EST,2013-01-01,27413.497955,0.05544862403124062
1405,EST,2014-01-01,28541.26539,0.04113912922937679
1406,EST,2015-01-01,29016.654991,0.016656220195708782
1407,IND,1997-01-01,1639.366113,-0.9435025810690971
1408,IND,1998-01-01,1725.868332,0.05276565028034108
1409,IND,1999-01-01,1863.222515,0.07958555148921986
1410,IND,2000-01-01,1979.587032,0.06245336564108661
1411,IND,2001-01-01,2072.410071,0.04689010258175896
1412,IND,2002-01-01,2149.819581,0.03735240968147191
1413,IND,2003-01-01,2302.527424,0.07103286450157209
1414,IND,2004-01-01,2523.968402,0.09617300349687397
1415,IND,2005-01-01,2806.604991,0.11198103303355067
1416,IND,2006-01-01,3103.212362,0.1056819081955378
1417,IND,2007-01-01,3420.704438,0.1023107795933691
1418,IND,2008-01-01,3663.387218,0.07094526416959024
1419,IND,2009-01-01,3768.123009,0.028589877282254594
1420,IND,2010-01-01,4173.999488,0.10771317126075286
1421,IND,2011-01-01,4689.322053,0.12346014092275803
1422,IND,2012-01-01,4916.346703,0.048413106934031225
1423,IND,2013-01-01,5257.980427,0.06948934740333357
1424,IND,2014-01-01,5707.206981,0.08543709133894795
1425,IND,2015-01-01,6113.431359,0.07117743921893349
1426,IDN,1990-01-01,3518.868864,-0.4244036356407874
1427,IDN,1991-01-01,3883.516044,0.1036262486876236
1428,IDN,1992-01-01,4187.811219,0.07835558590523495
1429,IDN,1993-01-01,4523.260722,0.08010139078812184
1430,IDN,1994-01-01,4888.211703,0.08068316275136889
1431,IDN,1995-01-01,5324.232125,0.08919835074499849
1432,IDN,1996-01-01,5746.410281,0.07929371711981847
1433,IDN,1997-01-01,6027.278744,0.048877203204349406
1434,IDN,1998-01-01,5214.195574,-0.13490054210773028
1435,IDN,1999-01-01,5257.572024,0.008318915043442399
1436,IDN,2000-01-01,5192.637843,-0.012350602274887601
1437,IDN,2001-01-01,5428.708666,0.045462601116740275
1438,IDN,2002-01-01,5680.772354,0.04643161081357605
1439,IDN,2003-01-01,5987.474367,0.05398949190140345
1440,IDN,2004-01-01,6372.662139,0.06433226238478196
1441,IDN,2005-01-01,6856.464422,0.07591839524006505
1442,IDN,2006-01-01,7358.969248,0.07328920491261326
1443,IDN,2007-01-01,7931.092062,0.07774496600260816
1444,IDN,2008-01-01,8464.897752,0.06730544618913292
1445,IDN,2009-01-01,8637.561447,0.020397611413463856
1446,IDN,2010-01-01,8432.687958,-0.02371890379676045
1447,IDN,2011-01-01,8906.894878,0.0562343729972985
1448,IDN,2012-01-01,9498.651128,0.06643799641799264
1449,IDN,2013-01-01,10067.531221,0.05989061871354151
1450,IDN,2014-01-01,10621.732591,0.05504838851097715
1451,IDN,2015-01-01,11115.127673,0.046451468983324196
1452,ISR,1977-01-01,6179.436357,-0.4440516979386028
1453,ISR,1978-01-01,6836.244066,0.10628925860786254
1454,ISR,1979-01-01,7679.985205,0.12342174019156782
1455,ISR,1980-01-01,8321.165227,0.08348714286357795
1456,ISR,1981-01-01,9422.86411,0.13239718872848205
1457,ISR,1982-01-01,10064.701329,0.06811487584956799
1458,ISR,1983-01-01,10624.973156,0.055667009748779916
1459,ISR,1984-01-01,10908.950128,0.026727311949925836
1460,ISR,1985-01-01,11507.692274,0.054885405009159394
1461,ISR,1986-01-01,12021.374354,0.044638148793793464
1462,ISR,1987-01-01,12986.491729,0.08028344734800363
1463,ISR,1988-01-01,13600.772878,0.04730154700890132
1464,ISR,1989-01-01,13971.610339,0.02726591086598118
1465,ISR,1990-01-01,15123.072199,0.08241439834503805
1466,ISR,1991-01-01,16209.721145,0.07185371673831287
1467,ISR,1992-01-01,17221.319834,0.062406914958684334
1468,ISR,1993-01-01,17710.099008,0.028382213367584397
1469,ISR,1994-01-01,18762.692028,0.05943462086375262
1470,ISR,1995-01-01,19736.774135,0.051915903408015884
1471,ISR,1996-01-01,20775.281357,0.05261788045485982
1472,ISR,1997-01-01,21434.176764,0.0317153542076094
1473,ISR,1998-01-01,22022.735893,0.02745890992130473
1474,ISR,1999-01-01,22557.40162,0.024277897605353704
1475,ISR,2000-01-01,24870.6761,0.102550573819149
1476,ISR,2001-01-01,24858.294485,-0.0004978399039180514
1477,ISR,2002-01-01,25105.900408,0.009960696344208708
1478,ISR,2003-01-01,23689.785818,-0.05640564835303641
1479,ISR,2004-01-01,25111.123219,0.05999790001984895
1480,ISR,2005-01-01,24708.981785,-0.016014474163215664
1481,ISR,2006-01-01,25543.690537,0.03378159242914336
1482,ISR,2007-01-01,27351.11242,0.070758055903549
1483,ISR,2008-01-01,27253.137218,-0.0035821285984828366
1484,ISR,2009-01-01,27492.173989,0.008770981817173062
1485,ISR,2010-01-01,28866.7136,0.049997486977565675
1486,ISR,2011-01-01,30539.353351,0.0579435461264286
1487,ISR,2012-01-01,31763.867488,0.04009626932588284
1488,ISR,2013-01-01,34270.862711,0.07892600685187712
1489,ISR,2014-01-01,34972.154382,0.020463204469460372
1490,ISR,2015-01-01,36589.908319,0.04625834369050619
1491,RUS,1995-01-01,5979.575827,-0.8365785512532976
1492,RUS,1996-01-01,5877.613332,-0.017051793964983464
1493,RUS,1997-01-01,6070.803196,0.03286876034328423
1494,RUS,1998-01-01,5818.310634,-0.041591294240334586
1495,RUS,1999-01-01,6301.991362,0.08313078459124412
1496,RUS,2000-01-01,7272.825278,0.15405192743582186
1497,RUS,2001-01-01,7850.495189,0.07942854240530539
1498,RUS,2002-01-01,8564.33355,0.09092908712309256
1499,RUS,2003-01-01,9870.416672,0.15250259864061455
1500,RUS,2004-01-01,10913.455996,0.10567328195564962
1501,RUS,2005-01-01,12610.449864,0.15549555233667345
1502,RUS,2006-01-01,15910.521211,0.26169338783233753
1503,RUS,2007-01-01,17758.4218,0.11614330948017115
1504,RUS,2008-01-01,21507.751922,0.2111296918288088
1505,RUS,2009-01-01,20678.950298,-0.03853501876931309
1506,RUS,2010-01-01,21864.3804,0.0573254485801753
1507,RUS,2011-01-01,24074.359549,0.1010766876796565
1508,RUS,2012-01-01,25352.340811,0.053084746009498085
1509,RUS,2013-01-01,25351.429267,-3.5955023119704776e-05
1510,RUS,2014-01-01,25296.475769,-0.0021676686320614147
1511,RUS,2015-01-01,22634.984949,-0.10521192138794166
1512,SVN,1990-01-01,12307.068477,-0.4562811283184123
1513,SVN,1991-01-01,11563.624141,-0.06040791415026103
1514,SVN,1992-01-01,11214.27325,-0.030211193890446575
1515,SVN,1993-01-01,11838.44326,0.0556585340918101
1516,SVN,1994-01-01,12745.847072,0.07664891338086299
1517,SVN,1995-01-01,13555.262007,0.06350420889468511
1518,SVN,1996-01-01,14263.832129,0.05227269835390058
1519,SVN,1997-01-01,15257.398821,0.0696563646441104
1520,SVN,1998-01-01,16018.578455,0.04988921394335755
1521,SVN,1999-01-01,17061.4364,0.06510302695895476
1522,SVN,2000-01-01,18032.177038,0.05689677089556211
1523,SVN,2001-01-01,18999.838349,0.05366303297493169
1524,SVN,2002-01-01,20299.933334,0.06842663401230609
1525,SVN,2003-01-01,21126.587453,0.0407220115159419
1526,SVN,2004-01-01,22789.995844,0.07873530898923264
1527,SVN,2005-01-01,23941.2348,0.05051510162091977
1528,SVN,2006-01-01,25765.397316,0.07619333468965439
1529,SVN,2007-01-01,27584.711669,0.07061076259321752
1530,SVN,2008-01-01,29614.587754,0.07358699664355006
1531,SVN,2009-01-01,27477.258701,-0.07217149435792214
1532,SVN,2010-01-01,27789.774602,0.011373620068898305
1533,SVN,2011-01-01,28804.72711,0.036522516736316124
1534,SVN,2012-01-01,28847.362612,0.0014801564283939417
1535,SVN,2013-01-01,29564.445146,0.02485781953951327
1536,SVN,2014-01-01,31024.872442,0.04939809588131561
1537,SVN,2015-01-01,31994.061455,0.031239097431000395
1538,ZAF,1970-01-01,2234.563626,-0.9301569252424254
1539,ZAF,1971-01-01,2384.453167,0.06707776822999256
1540,ZAF,1972-01-01,2466.291961,0.0343218290602727
1541,ZAF,1973-01-01,2655.898815,0.07687932207471526
1542,ZAF,1974-01-01,2998.100293,0.12884582653048104
1543,ZAF,1975-01-01,3259.324341,0.08712985639937032
1544,ZAF,1976-01-01,3437.651972,0.0547130669865421
1545,ZAF,1977-01-01,3564.156064,0.03679956348995983
1546,ZAF,1978-01-01,3830.83568,0.07482265400598354
1547,ZAF,1979-01-01,4199.23198,0.09616604072143331
1548,ZAF,1980-01-01,4829.055792,0.1499854771062208
1549,ZAF,1981-01-01,5399.833703,0.11819658657611143
1550,ZAF,1982-01-01,5542.603337,0.026439635339266188
1551,ZAF,1983-01-01,5471.579391,-0.012814185263064881
1552,ZAF,1984-01-01,5767.958218,0.05416696091214579
1553,ZAF,1985-01-01,5699.291108,-0.011904925002006905
1554,ZAF,1986-01-01,5683.360485,-0.0027951937702636043
1555,ZAF,1987-01-01,5820.282806,0.024091788891691168
1556,ZAF,1988-01-01,6132.482579,0.0536399662020135
1557,ZAF,1989-01-01,6380.450587,0.040435175282705016
1558,ZAF,1990-01-01,6729.214251,0.054661290647810556
1559,ZAF,1991-01-01,6730.157536,0.00014017758460571628
1560,ZAF,1992-01-01,6592.465592,-0.020458948139546185
1561,ZAF,1993-01-01,6487.679948,-0.015894757816735217
1562,ZAF,1994-01-01,6695.160069,0.03198063447380162
1563,ZAF,1995-01-01,6902.75067,0.031006069886392762
1564,ZAF,1996-01-01,7185.836214,0.041010541671498535
1565,ZAF,1997-01-01,7353.858483,0.02338242397908341
1566,ZAF,1998-01-01,7332.175234,-0.0029485540210115735
1567,ZAF,1999-01-01,7488.877104,0.021371811911062633
1568,ZAF,2000-01-01,7849.06955,0.048096989842123516
1569,ZAF,2001-01-01,8117.083749,0.03414598345608999
1570,ZAF,2002-01-01,8425.051091,0.03794063872236619
1571,ZAF,2003-01-01,8733.851545,0.03665265060883427
1572,ZAF,2004-01-01,9260.616689,0.06031304073419541
1573,ZAF,2005-01-01,9929.101735,0.07218580235526262
1574,ZAF,2006-01-01,10658.712032,0.07348200436179742
1575,ZAF,2007-01-01,11368.817005,0.06662202439357556
1576,ZAF,2008-01-01,11792.110192,0.037232826143110076
1577,ZAF,2009-01-01,11529.350973,-0.022282629208999483
1578,ZAF,2010-01-01,11847.03823,0.027554652273486635
1579,ZAF,2011-01-01,12291.726208,0.03753579328155854
1580,ZAF,2012-01-01,12599.044408,0.025002037533180976
1581,ZAF,2013-01-01,12881.99968,0.02245847088373898
1582,ZAF,2014-01-01,13081.043675,0.01545132742931421
1583,ZAF,2015-01-01,13453.415414,0.028466515994565622
1584,BRIICS,1997-01-01,2981.279587,-0.7783997969840731
1585,BRIICS,1998-01-01,3017.485092,0.012144283668621858
1586,BRIICS,1999-01-01,3189.077656,0.05686608509017277
1587,BRIICS,2000-01-01,3419.972176,0.07240166120307245
1588,BRIICS,2001-01-01,3644.311857,0.06559693162836999
1589,BRIICS,2002-01-01,3887.451626,0.06671760775164626
1590,BRIICS,2003-01-01,4218.691241,0.08520739210865247
1591,BRIICS,2004-01-01,4640.635429,0.10001779317226878
1592,BRIICS,2005-01-01,5175.099353,0.11517041840004438
1593,BRIICS,2006-01-01,5864.297489,0.13317582697237929
1594,BRIICS,2007-01-01,6589.207665,0.12361415452741875
1595,BRIICS,2008-01-01,7266.726381,0.10282248647265857
1596,BRIICS,2009-01-01,7576.40937,0.04261657488710657
1597,BRIICS,2010-01-01,8228.336275,0.0860469482524806
1598,BRIICS,2011-01-01,9033.872598,0.09789783694760334
1599,BRIICS,2012-01-01,9644.819801,0.06762849446595665
1600,BRIICS,2013-01-01,10270.967795,0.06492065242474299
1601,BRIICS,2014-01-01,10934.247171,0.06457807961610884
1602,BRIICS,2015-01-01,11391.870891,0.04185232991748311
1603,G-7,1970-01-01,4226.929818,-0.6289520958897603
1604,G-7,1971-01-01,4555.032314,0.07762194077668516
1605,G-7,1972-01-01,4960.011568,0.08890809682190093
1606,G-7,1973-01-01,5496.506403,0.10816402898357125
1607,G-7,1974-01-01,5970.475842,0.08623103554310552
1608,G-7,1975-01-01,6475.888628,0.08465201089075935
1609,G-7,1976-01-01,7125.680795,0.10034023194754682
1610,G-7,1977-01-01,7814.697511,0.09669486128026872
1611,G-7,1978-01-01,8699.571338,0.11323199979966558
1612,G-7,1979-01-01,9724.48148,0.11781156820028138
1613,G-7,1980-01-01,10611.898684,0.091255991985292
1614,G-7,1981-01-01,11770.71984,0.10920017147800354
1615,G-7,1982-01-01,12414.619515,0.054703508685327806
1616,G-7,1983-01-01,13262.020575,0.06825831907100532
1617,G-7,1984-01-01,14353.485947,0.08230008133583366
1618,G-7,1985-01-01,15330.285312,0.06805311048527285
1619,G-7,1986-01-01,16025.451748,0.04534595552868459
1620,G-7,1987-01-01,16899.596752,0.05454729250356993
1621,G-7,1988-01-01,18218.613904,0.0780502145321249
1622,G-7,1989-01-01,19528.420616,0.07189387287648819
1623,G-7,1990-01-01,20671.472187,0.058532719746085204
1624,G-7,1991-01-01,21433.564937,0.03686688316661213
1625,G-7,1992-01-01,22225.047693,0.036927256773496175
1626,G-7,1993-01-01,22879.943878,0.02946658176154382
1627,G-7,1994-01-01,23924.530551,0.04565512391856941
1628,G-7,1995-01-01,24856.339637,0.0389478524568605
1629,G-7,1996-01-01,25875.297216,0.040993870935172705
1630,G-7,1997-01-01,26991.7884,0.04314892210434662
1631,G-7,1998-01-01,27876.008785,0.03275886621132518
1632,G-7,1999-01-01,29003.469509,0.040445557780376395
1633,G-7,2000-01-01,30629.587699,0.05606633335695932
1634,G-7,2001-01-01,31602.928536,0.03177779755199839
1635,G-7,2002-01-01,32469.060254,0.027406691661924887
1636,G-7,2003-01-01,33463.756322,0.030635197329970776
1637,G-7,2004-01-01,35151.763564,0.050442850042218934
1638,G-7,2005-01-01,36731.554601,0.044942013623973986
1639,G-7,2006-01-01,38744.647149,0.05480553627167173
1640,G-7,2007-01-01,40355.966645,0.04158818351870308
1641,G-7,2008-01-01,41045.459237,0.017085270142709552
1642,G-7,2009-01-01,39780.104082,-0.030828139787491105
1643,G-7,2010-01-01,41266.930645,0.0373761355660398
1644,G-7,2011-01-01,42614.064811,0.03264439940030339
1645,G-7,2012-01-01,43780.438688,0.02737063178959942
1646,G-7,2013-01-01,45186.005133,0.03210489632177338
1647,G-7,2014-01-01,46475.126782,0.02852922370998745
1648,G-7,2015-01-01,47641.759129,0.02510229509372408
1649,EU28,1995-01-01,18016.360996,-0.6218367808960004
1650,EU28,1996-01-01,18732.991204,0.039776634591142335
1651,EU28,1997-01-01,19542.15406,0.04319453562905751
1652,EU28,1998-01-01,20388.478132,0.043307614370531544
1653,EU28,1999-01-01,21197.853317,0.03969767531249313
1654,EU28,2000-01-01,22593.594153,0.0658434991094432
1655,EU28,2001-01-01,23769.118108,0.05202908165206255
1656,EU28,2002-01-01,24790.891857,0.04298744885516381
1657,EU28,2003-01-01,25385.667328,0.0239916931763009
1658,EU28,2004-01-01,26640.719624,0.04943940530630431
1659,EU28,2005-01-01,27566.721217,0.03475888061844179
1660,EU28,2006-01-01,29837.325082,0.08236757092460278
1661,EU28,2007-01-01,31580.226476,0.05841345996030456
1662,EU28,2008-01-01,32998.72998,0.04491745824172644
1663,EU28,2009-01-01,32229.137076,-0.023321894644625307
1664,EU28,2010-01-01,33325.158305,0.034007154036282516
1665,EU28,2011-01-01,34641.412534,0.03949731361973807
1666,EU28,2012-01-01,35180.796173,0.015570486292110663
1667,EU28,2013-01-01,36453.691757,0.03618154568590737
1668,EU28,2014-01-01,37525.480955,0.029401389717796933
1669,EU28,2015-01-01,38651.884737,0.030017037845584627
1670,OECD,1994-01-01,19443.595279,-0.49695608865387675
1671,OECD,1995-01-01,20226.991607,0.04029071356191527
1672,OECD,1996-01-01,21113.480392,0.04382702095417956
1673,OECD,1997-01-01,22108.206666,0.04711332549307712
1674,OECD,1998-01-01,22673.768282,0.025581523845159992
1675,OECD,1999-01-01,23621.763101,0.04181020142790226
1676,OECD,2000-01-01,25092.166293,0.06224781722316708
1677,OECD,2001-01-01,25919.824464,0.032984723651815484
1678,OECD,2002-01-01,26735.882431,0.03148393107883196
1679,OECD,2003-01-01,27536.667522,0.029951698548445815
1680,OECD,2004-01-01,29029.098975,0.054197969010144176
1681,OECD,2005-01-01,30403.256542,0.04733724488601698
1682,OECD,2006-01-01,32405.280685,0.06584900338667166
1683,OECD,2007-01-01,33960.875615,0.0480043652490274
1684,OECD,2008-01-01,34786.032034,0.02429726572289992
1685,OECD,2009-01-01,33837.404896,-0.027270346243366106
1686,OECD,2010-01-01,35159.002608,0.039057301115790644
1687,OECD,2011-01-01,36486.096855,0.037745503244111855
1688,OECD,2012-01-01,37431.279945,0.02590529465939495
1689,OECD,2013-01-01,38731.431618,0.03473436320933687
1690,OECD,2014-01-01,39828.05172,0.02831344094934929
1691,OECD,2015-01-01,40814.955519,0.024779113122031404
1692,COL,2000-01-01,6603.048678,-0.8382198732294054
1693,COL,2001-01-01,6779.693558,0.026752018440897585
1694,COL,2002-01-01,6968.16343,0.027799172689391805
1695,COL,2003-01-01,7293.79407,0.046731200160728736
1696,COL,2004-01-01,7797.230579,0.06902258333158562
1697,COL,2005-01-01,8324.714647,0.06765018203009854
1698,COL,2006-01-01,9046.028499,0.08664727652375936
1699,COL,2007-01-01,9809.877945,0.08444030947773817
1700,COL,2008-01-01,10234.929866,0.04332897140852254
1701,COL,2009-01-01,10359.991384,0.012219088908019815
1702,COL,2010-01-01,10775.871166,0.040142869485614296
1703,COL,2011-01-01,11586.873584,0.07526096085473566
1704,COL,2012-01-01,12135.912779,0.04738458489425068
1705,COL,2013-01-01,12786.887991,0.05364039968435241
1706,COL,2014-01-01,13413.030313,0.04896753005427956
1707,COL,2015-01-01,13808.05475,0.02945079730544853
1708,LVA,1994-01-01,5883.206258,-0.5739293937837261
1709,LVA,1995-01-01,5504.727057,-0.06433213190262421
1710,LVA,1996-01-01,5796.768058,0.053052766826763964
1711,LVA,1997-01-01,6480.007201,0.1178655306135763
1712,LVA,1998-01-01,7069.47995,0.09096791573148733
1713,LVA,1999-01-01,7405.201841,0.04748890913821757
1714,LVA,2000-01-01,8012.915962,0.08206584155955077
1715,LVA,2001-01-01,9053.832827,0.1299048773176188
1716,LVA,2002-01-01,10069.164962,0.11214390130687146
1717,LVA,2003-01-01,11025.308904,0.09495762018085796
1718,LVA,2004-01-01,12223.67521,0.10869231115739808
1719,LVA,2005-01-01,13847.85215,0.13287140832008415
1720,LVA,2006-01-01,15759.445215,0.13804256748942834
1721,LVA,2007-01-01,18116.272191,0.14955012336073525
1722,LVA,2008-01-01,19428.574774,0.07243778240713006
1723,LVA,2009-01-01,16886.641755,-0.1308347652140549
1724,LVA,2010-01-01,17594.895408,0.0419416520629563
1725,LVA,2011-01-01,19749.261351,0.12244266834461892
1726,LVA,2012-01-01,21223.718437,0.0746588472244476
1727,LVA,2013-01-01,22682.595452,0.06873804980642295
1728,LVA,2014-01-01,23872.794997,0.05247192930450373
1729,LVA,2015-01-01,24874.98295,0.041980335906455
1730,LTU,1995-01-01,5920.169464,-0.7620030744985897
1731,LTU,1996-01-01,6379.741504,0.07762819000277177
1732,LTU,1997-01-01,7064.863504,0.10739024450605705
1733,LTU,1998-01-01,7755.164117,0.09770898087544988
1734,LTU,1999-01-01,7821.728619,0.008583248658024623
1735,LTU,2000-01-01,8451.230176,0.08048112989638345
1736,LTU,2001-01-01,9473.316953,0.12093940831271488
1737,LTU,2002-01-01,10494.391193,0.10778423703818407
1738,LTU,2003-01-01,12066.974154,0.14984985141862728
1739,LTU,2004-01-01,13040.676621,0.08069151840167277
1740,LTU,2005-01-01,14526.152596,0.11391095862371658
1741,LTU,2006-01-01,16494.002127,0.13546942440504695
1742,LTU,2007-01-01,19087.935979,0.15726527934380696
1743,LTU,2008-01-01,20744.00911,0.08676019936476953
1744,LTU,2009-01-01,18164.520967,-0.1243485832136717
1745,LTU,2010-01-01,20129.74311,0.10819014421411244
1746,LTU,2011-01-01,22854.297476,0.13534968385396362
1747,LTU,2012-01-01,24657.916783,0.0789181688430387
1748,LTU,2013-01-01,26717.162285,0.08351254974709432
1749,LTU,2014-01-01,28179.222792,0.0547236451013684
1750,LTU,2015-01-01,28936.245529,0.026864571198000453
1751,EA19,1995-01-01,20441.419134,-0.2935704421807749
1752,EA19,1996-01-01,21106.591615,0.03254042572287097
1753,EA19,1997-01-01,21966.339882,0.04073363822461018
1754,EA19,1998-01-01,22999.508529,0.04703417376540786
1755,EA19,1999-01-01,23925.939008,0.04028044676832421
1756,EA19,2000-01-01,25402.515995,0.0617144842886328
1757,EA19,2001-01-01,26670.187588,0.04990338725697541
1758,EA19,2002-01-01,27657.294183,0.03701161050116264
1759,EA19,2003-01-01,28075.403266,0.01511749776509208
1760,EA19,2004-01-01,29214.537768,0.04057411005666722
1761,EA19,2005-01-01,30232.887741,0.034857644542829025
1762,EA19,2006-01-01,32672.915887,0.08070774339862297
1763,EA19,2007-01-01,34538.722914,0.057105617186201885
1764,EA19,2008-01-01,35879.914054,0.03883152087989794
1765,EA19,2009-01-01,35013.741882,-0.02414086529573045
1766,EA19,2010-01-01,36014.196795,0.028573207524395405
1767,EA19,2011-01-01,37400.046397,0.03848064722610722
1768,EA19,2012-01-01,37763.544625,0.009719191899964175
1769,EA19,2013-01-01,39042.539022,0.03386849432966854
1770,EA19,2014-01-01,40011.104494,0.02480795297289018
1771,EA19,2015-01-01,41149.560001,0.028453488635154178
